0.9861,1.3701,1.1058,0.2213,0.9893,0.4595,1.5226,1.5605,7.4137,0.9589,0.2022,1.4806,0.2022,0.5579,1.0107,1.2511,0.2022,0.2022,0.2022,0.4479,4.5061,0.5575,0.3186,0.3621,1.3208,0.8773,4.1037,0.3785,3.3261,1.3387,2.2142,0.2022,0.2953,0.2022,0.2022,0.2022,0.2022,0.2022,0.2022,0.2022,0.2022,0.2022,0.2022,0.2022,0.2022,0.2022,0.2022,0.2022,0.2022,0.2022,0.2022,0.2022,0.2022,0.2022,0.2022,0.2022,0.2022,0.2022,0.2022
1.1718,1.8539,1.8064,0.6484,1.7363,1.6671,1.4928,1.3426,5.4602,2.4204,0.6011,2.7873,1.1099,0.9077,1.7326,2.6196,0.3313,1.3014,1.0409,0.9591,3.6672,1.1226,0.819,0.818,1.3517,1.2182,2.0057,1.5995,1.6279,2.0481,2.2925,0.0918,0.7184,0.3817,0.617,0.0918,0.0918,0.2716,0.3446,0.0918,0.5797,0.1252,0.2349,0.2352,0.0918,0.166,0.2068,0.1369,0.0918,0.0918,0.13,1.3607,0.484,0.1843,0.0918,0.4665,0.26,0.0918,0.0918
0.457,0.868,1,0.3843,1.5616,2.768,0.5778,1.1278,3.1819,1.7961,1.2156,3.0495,1.3514,0.8059,2.0414,7.6875,0.3187,2.5595,0.7092,1.0533,3.014,0.9797,0.6186,0.5851,0.8479,1.2299,1.2885,3.358,0.8167,2.6464,2.1386,0.2397,0.7933,0.2397,0.7779,0.2397,0.2397,0.2869,0.5539,0.2397,1.5982,0.2397,0.3976,0.436,0.2397,0.2397,0.4786,0.2397,0.2397,0.2397,0.2397,3.643,0.9533,0.2397,0.2397,1.4758,0.2397,0.2397,0.2397
0.181,0.6913,0.3628,0.181,1.6508,0.3332,1,0.6699,2.1388,0.4907,0.181,0.6079,0.181,0.5368,1.7819,0.181,0.4092,1.0855,1.516,1.2229,4.0625,1.1264,1.1697,0.4821,0.8566,1.1129,2.8137,0.9381,1.825,2.2875,5.2229,0.181,0.2956,0.181,0.3178,0.181,0.181,0.181,0.181,0.181,0.181,0.181,0.181,0.181,0.181,0.181,0.181,0.181,0.181,0.181,0.181,0.181,0.181,0.181,0.181,0.181,0.181,0.181,0.181
1.2004,1.3021,1.2102,0.5476,1.7153,1.4439,1.133,1.1666,4.0739,1.5058,0.4128,1.897,0.7048,0.8809,1.5242,2.9071,0.3825,1.0163,0.713,0.9164,3.7517,0.6997,0.9259,0.4755,1.243,0.9837,1.9554,1.2218,1.8211,2.065,1.9629,0.1263,0.5097,0.1335,0.3894,0.1263,0.1263,0.1699,0.2395,0.1263,0.3742,0.1263,0.1263,0.1263,0.1263,0.1263,0.1263,0.1263,0.1263,0.1263,0.1434,1.2332,0.3505,0.1263,0.1263,0.1263,0.3057,0.1263,0.1263
0.216,0.216,0.493,0.216,1.2927,0.7926,0.216,0.4131,1.087,0.216,0.216,1.142,0.4295,0.5908,1.7777,3.1612,0.216,1.4725,0.3004,1,3.8767,0.4169,0.5865,0.216,0.216,0.216,1.0942,1.7799,0.9977,2.2668,2.6932,0.216,0.216,0.216,0.216,0.216,0.216,0.216,0.216,0.216,0.4582,0.216,0.2392,0.216,0.216,0.216,0.216,0.216,0.216,0.216,0.216,1.7362,0.216,0.216,0.216,0.216,0.216,0.216,0.216
0.511,1.0179,1.1345,0.2603,2.1018,0.2631,1.165,1.1723,0.972,0.2246,0.0637,0.8638,0.1616,1.1469,2.9508,1.6839,0.5426,1.0708,1.9723,2.7653,4.1268,1.876,1.8568,0.7916,1.3664,1.3356,5.399,1.6254,2.2422,5.321,6.9519,0.0637,1,0.6201,0.6457,0.0637,0.0637,0.1272,0.1712,0.0637,0.2066,0.0637,0.0637,0.0637,0.0637,0.1192,0.0637,0.1718,0.0637,0.0637,0.0637,0.0637,0.0637,0.0924,0.1529,0.0637,0.2634,0.0973,0.0637
0.3222,0.4739,0.2694,0.1318,1.7359,0.179,0.8697,1.3077,1.0959,0.2875,0.1314,0.6693,0.1314,0.657,1.7625,1.0851,0.1314,0.4489,1.1627,2.3663,2.866,1.2651,2.2504,0.9172,0.6215,1,2.9059,1.6169,2.5295,2.87,5.0833,0.1314,0.4046,0.1314,0.5327,0.1314,0.1314,0.1314,0.1314,0.1314,0.1314,0.1314,0.1314,0.1314,0.1314,0.1314,0.1314,0.1314,0.1314,0.1314,0.1314,0.1314,0.1314,0.1314,0.1314,0.1314,0.1314,0.1314,0.1314
0.8788,1.3727,1.2008,0.3908,5.9045,1.3815,3.0845,2.7978,3.0248,1,0.3118,2.0762,0.2241,1.972,5.5457,4.778,2.5641,5.0277,6.2049,5.7601,9.5201,4.2477,5.6194,2.2718,3.5515,4.3644,6.7837,5.1725,7.1583,7.964,15.1393,0.0704,1.6263,1.232,1.6123,0.0709,0.0589,0.1269,0.2675,0.0929,0.3421,0.081,0.0585,0.2602,0.0251,0.1606,0.2443,0.2624,0.0942,0.1149,0.1899,0.1655,0.1947,0.125,0.3883,0.5881,0.4635,0.0181,0.0118
0.1907,0.1907,0.1907,0.1907,2.0946,0.1959,1,0.6906,0.9514,0.2993,0.1907,0.2488,0.1907,0.5504,1.7293,1.5177,0.5002,0.3336,1.3312,1.7806,1.9752,1.316,2.0161,1.1691,0.8377,0.6517,2.0884,1.2823,2.7952,2.7196,5.5379,0.1907,0.3724,0.2967,0.2832,0.1907,0.1907,0.1907,0.1907,0.1907,0.1907,0.1907,0.1907,0.1907,0.1907,0.1907,0.1907,0.1907,0.1907,0.1907,0.1907,0.1907,0.1907,0.1907,0.1907,0.1907,0.1907,0.1907,0.1907
0.1196,3.3979,4.4366,1.8523,2.4876,1.9522,2.6769,1.3305,2.3925,0.8216,0.3642,1.6184,1.6779,0.7177,2.5054,0.1196,1.2844,0.8237,0.5743,1.3728,1.1022,1.8784,1.2142,0.1196,0.6493,0.5973,1.2758,1.2346,0.1196,1.699,1.488,0.6309,0.6084,0.5775,1.3856,0.1196,0.4325,0.8978,0.3507,0.7725,0.8645,0.2794,0.1196,0.1196,0.1196,0.4109,0.1196,0.6907,0.1196,0.1196,0.1196,0.3736,0.3766,0.1196,0.1196,0.1196,0.1196,0.1196,0.1196
0.2777,0.469,0.8668,0.2777,1.0187,0.2777,0.8417,0.8507,0.9813,0.2777,0.2777,0.6533,0.2777,0.6665,1.3127,0.7379,0.2777,0.4871,1.5778,1.0662,2.6193,1.0641,1.3694,0.5045,1.1285,0.5541,4.2354,1.0407,1.533,1.9851,4.5117,0.2777,0.4312,0.2777,0.2777,0.2777,0.2777,0.2777,0.2777,0.2777,0.2777,0.2777,0.2777,0.2777,0.2777,0.2777,0.2777,0.2777,0.2777,0.2777,0.2777,0.2777,0.2777,0.2777,0.2777,0.2777,0.2777,0.2777,0.2777
1.1861,3.2301,7.2918,0.9623,2.5209,2.0427,1.4109,2.3838,2.5986,1.4285,0.9789,0.9793,1.3659,0.4993,2.8059,0.7992,5.0663,0.7186,2.4829,2.1522,3.9756,0.8915,2.763,0.5636,0.1516,0.3067,3.636,1.6142,0.8731,1,1.7426,1.1173,0.3601,0.1516,0.1516,0.1516,0.1516,0.1516,0.4444,0.1516,0.9757,0.6407,0.1516,0.3828,0.1516,0.1516,0.1516,0.1516,0.1516,0.3608,0.3663,0.1516,0.1516,0.1516,0.5187,0.6074,0.1516,0.1516,0.1516
1.0562,2.0604,1.9473,0.5553,4.8802,1,2.5479,3.189,2.7327,0.7083,0.2053,3.1886,0.549,2.1702,6.9383,2.8133,1.1305,2.2456,4.5156,4.2724,9.3531,3.095,3.5299,1.7294,2.1961,2.6792,9.9603,4.2266,4.3271,11.2167,12.9209,0.0813,1.5208,1.7211,1.4637,0.1146,0.1169,0.1822,0.4779,0.1068,0.6411,0.0822,0.1016,0.3828,0.0319,0.2525,0.11,0.2591,0.0836,0.0916,0.1175,0.0994,0.2499,0.1417,0.2338,0.4668,0.4911,0.1686,0.0121
0.4186,0.6155,0.7134,0.2269,3.564,0.3926,1.298,1.259,0.7765,0.7531,0.097,0.7845,0.2235,0.8667,4.165,2.483,0.5948,1.1288,2.6684,3.0841,5.6,1.6228,1.905,0.4325,1.2331,1.5974,4.1968,1.6775,2.9506,5.719,8.5087,0.097,0.8712,0.5155,0.7901,0.097,0.097,0.097,0.097,0.097,0.1976,0.097,0.097,0.097,0.097,0.097,0.097,0.097,0.097,0.097,0.097,0.097,0.1254,0.097,0.097,0.097,0.097,0.097,0.097
0.6658,0.6096,1.2731,0.4301,1.2858,0.607,1.8203,1.0411,1.5885,0.4301,0.4301,1.1545,0.4301,0.9589,1.9697,2.1744,0.4301,0.4301,0.8978,0.7069,2.3798,0.6068,0.813,0.4807,0.4301,0.7987,1.798,0.4301,1.7418,2.4422,2.4033,0.4301,0.4301,0.4301,0.4301,0.4301,0.4301,0.4301,0.4301,0.4301,0.4301,0.4301,0.4301,0.4301,0.4301,0.4301,0.4301,0.4301,0.4301,0.4301,0.4301,0.5516,0.4301,0.4301,0.4301,0.4301,0.4301,0.4301,0.4301
0.3647,0.3647,0.8786,0.3647,1.4653,0.6721,1.1358,0.3647,2.3098,0.8453,0.3647,2.1785,0.3647,0.3647,1.6891,2.2852,0.3647,0.8694,0.6241,0.7946,1.0776,0.3647,0.8031,0.3647,0.3647,0.3647,4.3036,0.3647,1.0386,0.3647,1.1487,0.3647,0.7676,0.3647,0.4464,0.3647,0.3647,0.3647,0.3647,0.3647,0.9614,0.3647,0.3647,0.3647,0.3647,0.3647,0.3647,0.3647,0.3647,0.3647,0.3647,1.2074,0.3647,0.3647,0.3647,0.3647,0.3647,0.3647,0.3647
0.5275,1.2988,1.2001,0.8685,1.1879,0.3287,1.3175,1.4763,0.9317,0.5001,0.3287,0.5964,0.3287,0.4188,1.28,1.5106,0.3287,0.3287,0.9878,0.6191,1.9357,0.4084,2.0893,0.4407,0.3523,0.3287,4.9951,1,1.2984,2.6356,1.3621,0.3287,0.4705,0.3287,0.3287,0.3287,0.3287,0.3287,0.3287,0.3287,0.3287,0.3287,0.3287,0.3287,0.3287,0.3287,0.3287,0.3287,0.3287,0.3287,0.3287,0.3287,0.3287,0.3287,0.3287,0.3287,0.3287,0.3287,0.3287
1.435,1.2168,2.3162,0.6142,2.811,1.367,2.0435,1.7071,4.01,0.8385,0.2589,2.1146,1.1129,1.6457,3.5873,3.568,1.3979,1.5331,4.4147,1.9989,5.8326,2.5455,2.6743,1.7823,4.0361,1.8969,5.8825,3.1374,4.6085,4.8787,10.733,0.4026,1.0077,1,0.9644,0.3235,0.4021,0.5392,0.7596,0.2173,0.5508,0.1914,0.3265,0.2882,0.133,0.4573,0.2159,0.4043,0.1449,0.2957,0.2209,0.2539,0.7567,0.479,0.6286,0.304,0.9704,0.6476,0.1227
0.4649,0.874,0.8577,0.2967,2.0901,0.4704,1.0103,0.8222,2.4965,0.7012,0.2967,1.0384,0.3686,0.3975,2.673,2.538,0.8485,0.7202,2.7136,0.8789,3.2742,1.7669,1.3188,0.9897,1.9163,0.7911,2.8999,2.1112,2.4678,2.9137,4.323,0.2967,0.4158,0.2967,0.4205,0.2967,0.2967,0.2967,0.2967,0.2967,0.2967,0.2967,0.2967,0.2967,0.2967,0.2967,0.2967,0.2967,0.2967,0.2967,0.2967,0.2967,0.2967,0.2967,0.2967,0.2967,0.2967,0.2967,0.2967
1,1.4718,2.1362,0.5773,5.6379,1.2157,2.3438,2.5903,2.9184,0.8814,0.2525,2.0246,0.8253,2.1549,7.0494,5.4324,1.7218,2.5912,4.7275,5.5109,11.159,3.325,3.9074,2.2224,3.17,2.9076,8.3822,4.5047,6.2305,11.9888,18.3439,0.2602,1.6727,1.2984,1.5644,0.2628,0.2503,0.3813,0.515,0.1742,0.4433,0.158,0.2207,0.3537,0.102,0.395,0.2507,0.3682,0.1189,0.2186,0.1995,0.1995,0.3834,0.3007,0.4477,0.3864,0.6805,0.4154,0.0783
0.1778,0.5732,0.7425,0.1678,2.9836,0.5348,1.0354,1.0293,1.5665,0.5528,0.1918,0.9477,0.4027,0.6639,3.3909,2.9337,0.9358,0.9903,2.2118,1.8484,4.4734,1.1633,1.3582,1,1.2224,1.09,2.7011,1.9834,2.5165,5.4763,5.5594,0.1149,0.7317,0.4673,0.7426,0.1149,0.1149,0.1149,0.1149,0.1149,0.16,0.1149,0.1149,0.1149,0.1149,0.1149,0.1149,0.1149,0.1149,0.1149,0.1149,0.1725,0.1149,0.1149,0.1149,0.1149,0.1149,0.1149,0.1149
1,1.2475,1.5078,0.3827,4.7366,1.3815,3.2945,2.6315,3.7164,0.8303,0.2447,2.1045,0.5186,1.7814,4.5652,4.9072,2.2337,3.6982,4.2836,4.6654,9.9091,2.5362,4.8696,2.176,3.1732,3.6648,5.6175,4.911,6.8841,8.0793,12.0279,0.1389,1.4408,1.1653,1.5058,0.1233,0.1271,0.2029,0.3867,0.1091,0.3668,0.099,0.1086,0.2592,0.0574,0.2219,0.2147,0.2631,0.1007,0.1614,0.1871,0.2034,0.2843,0.1905,0.3485,0.3901,0.4551,0.1461,0.0376
0.5197,0.7126,0.8437,0.0908,2.7816,0.973,1.4439,1.2093,2.4714,1.0131,0.3469,1.4749,0.6499,0.7425,3.2604,2.9824,0.9869,1.4562,1.8341,1.8981,4.5424,1.1571,1.5821,1.0318,1.6466,1.2843,2.7444,2.6002,3.1347,4.9033,5.4269,0.0908,0.6695,0.5353,0.8195,0.0908,0.0908,0.0908,0.2074,0.0908,0.3008,0.0908,0.0908,0.1938,0.0908,0.0908,0.203,0.1724,0.0908,0.0908,0.0951,0.5667,0.3,0.0908,0.0908,0.2287,0.1535,0.0908,0.0908
0.2057,0.372,0.4271,0.044,2.2571,0.3885,1.2002,0.8153,1.0413,0.2553,0.044,0.4228,0.044,0.4723,2.5225,2.0109,0.9587,1.1965,1.969,1.6932,4.1586,0.9578,1.8203,0.8695,1.2044,0.5576,2.7943,2.4233,2.8843,3.9032,6.0377,0.044,0.535,0.4147,0.5864,0.044,0.044,0.044,0.044,0.044,0.044,0.044,0.044,0.044,0.044,0.044,0.044,0.044,0.044,0.044,0.044,0.044,0.044,0.044,0.044,0.044,0.044,0.044,0.044
0.2249,0.2249,0.2249,0.2249,1.3746,0.712,0.4358,0.5571,0.8511,0.2249,0.2249,0.2249,0.2249,1.0398,1.4242,1.3205,0.5147,1.1544,1.0514,1.0868,2.2964,0.4273,0.8198,0.3951,0.8314,2.0295,1.3259,0.9602,2.1157,2.2121,3.6081,0.2249,0.2354,0.2249,0.2506,0.2249,0.2249,0.2249,0.2249,0.2249,0.2249,0.2249,0.2249,0.2249,0.2249,0.2249,0.2249,0.2249,0.2249,0.2249,0.2249,0.2249,0.2249,0.2249,0.2249,0.2249,0.2249,0.2249,0.2249
0.3434,0.8039,0.3434,0.3434,1.5574,0.3434,1.0324,0.4475,1.2902,0.5576,0.3434,0.7092,0.3434,0.4052,2.0263,1.3595,0.3434,0.7143,0.9676,1.064,3.1402,0.3931,0.4493,0.3434,0.6867,0.6979,1.9825,1.4055,1.1444,4.0045,2.6893,0.3434,0.3434,0.3434,0.3434,0.3434,0.3434,0.3434,0.3434,0.3434,0.3434,0.3434,0.3434,0.3434,0.3434,0.3434,0.3434,0.3434,0.3434,0.3434,0.3434,0.3434,0.3434,0.3434,0.3434,0.3434,0.3434,0.3434,0.3434
1.0383,1.5616,1.1062,0.3937,6.3554,1,2.3653,2.91,2.6643,0.7748,0.1314,1.7317,0.2057,1.8537,7.5298,5.2094,1.9222,2.2789,5.8455,4.4571,11.9203,3.9027,4.2063,2.2761,3.0734,3.1792,7.0444,5.5781,7.176,15.0562,17.5794,0.0564,1.3041,1.1219,1.4866,0.0811,0.0574,0.1302,0.2284,0.0707,0.2334,0.0622,0.0358,0.2068,0.0213,0.1108,0.174,0.1989,0.0773,0.1018,0.1149,0.091,0.1577,0.1071,0.3336,0.3231,0.3458,0.0235,0.0135
0.9302,0.8353,0.9484,0.4333,3.815,1.3732,2.912,2.1195,2.2411,0.928,0.3771,1.412,0.2194,1.1504,4.5517,2.8726,1.5535,5.1832,3.4669,4.0016,11.468,2.6466,6.1525,1.6898,2.2438,3.4169,6.6426,4.5246,5.0162,7.1742,14.6431,0.0481,1.303,1.0516,1.3112,0.0259,0.046,0.118,0.3099,0.0766,0.348,0.0563,0.0259,0.1824,0.0259,0.1752,0.2249,0.2602,0.0943,0.0949,0.1567,0.2207,0.1973,0.1341,0.3574,0.6151,0.0259,0.0259,0.0259
0.2284,0.4795,1.4637,0.5035,0.9765,1.0177,1.9668,0.878,1.1794,0.8237,0.2284,1.2689,0.2284,1.3727,1.1007,2.988,0.2284,1,1.0686,0.5615,1.3474,0.5803,1.0624,0.9713,0.862,0.7814,2.1503,1.0257,1.4425,1.1645,1.8752,0.2284,1.0053,0.252,0.5724,0.2284,0.2284,0.2284,0.2284,0.2284,0.2842,0.2284,0.2284,0.2284,0.2284,0.2284,0.2284,0.2284,0.2284,0.2284,0.2284,0.3294,0.2284,0.2284,0.2284,0.4961,0.289,0.2284,0.2284
0.3789,0.3789,0.8897,0.4851,1.027,0.3789,1.6991,1.001,0.999,0.5534,0.3789,0.6095,0.3789,0.3789,1.0613,4.2623,0.3789,0.3789,1.2666,0.7988,1.6264,0.5109,1.3254,0.565,0.4622,0.3789,4.3803,0.7845,1.5482,1.2185,1.3393,0.3789,0.6022,0.3789,0.3789,0.3789,0.3789,0.3789,0.3789,0.3789,0.3789,0.3789,0.3789,0.3789,0.3789,0.3789,0.3789,0.3789,0.3789,0.3789,0.3789,0.3789,0.3789,0.3789,0.3789,0.3789,0.3789,0.3789,0.3789
0.7553,0.8668,0.8526,0.2962,1.8624,1.1999,1.0864,1.1784,4.3588,1.0869,0.3925,1.8573,0.9136,0.7659,2.0996,2.1332,0.6794,1.3654,1.6204,1.1924,3.6815,1.3593,1.2982,0.8778,1.3235,1.2962,2.9227,1.7025,2.036,2.3331,4.0855,0.1517,0.5666,0.3388,0.5571,0.1517,0.1517,0.2357,0.3704,0.1517,0.4046,0.1517,0.154,0.1517,0.1517,0.1517,0.1517,0.1517,0.1517,0.1517,0.1517,0.7064,0.3287,0.2021,0.1517,0.174,0.3728,0.1517,0.1517
0.5932,0.5932,0.5932,0.5932,0.8862,0.5932,0.5932,0.9872,2.6101,0.5932,0.5932,1.0818,0.5932,0.8756,0.5932,0.9026,0.5932,1.0128,0.7802,0.9092,1.505,0.722,1.1764,0.7751,0.5932,1.1073,1.2076,0.7432,1.6316,1.1558,2.0268,0.5932,0.5932,0.5932,0.5932,0.5932,0.5932,0.5932,0.5932,0.5932,0.5932,0.5932,0.5932,0.5932,0.5932,0.5932,0.5932,0.5932,0.5932,0.5932,0.5932,0.5932,0.5932,0.5932,0.5932,0.5932,0.5932,0.5932,0.5932
0.1904,0.5751,0.5883,0.1904,2.1572,0.4592,0.6006,0.6411,1.3518,0.3556,0.1904,0.5448,0.1904,0.5106,2.5413,2.1621,0.6748,1,2.4329,1.0647,4.2278,1.2928,1.8856,0.7331,1.2695,0.9078,4.11,2.2188,2.9091,2.9282,5.1135,0.1904,0.5163,0.2997,0.4507,0.1904,0.1904,0.1904,0.1904,0.1904,0.1904,0.1904,0.1904,0.1904,0.1904,0.1904,0.1904,0.1904,0.1904,0.1904,0.1904,0.1904,0.1904,0.1904,0.1904,0.1904,0.1904,0.1904,0.1904
1.0214,1.0692,1.7963,0.4691,3.8237,1.1491,2.4078,2.1514,2.9385,0.7686,0.3129,2.0409,0.9047,1.742,4.1686,3.0612,1.3013,2.6522,2.9373,4.1643,7.56,2.1583,3.8205,1.7313,1.8523,2.9161,5.3061,3.5443,4.3383,6.393,9.7755,0.2635,1.2231,1,1.1618,0.2544,0.2943,0.4574,0.6101,0.1771,0.4457,0.1429,0.2524,0.2929,0.0963,0.4388,0.2286,0.3431,0.1106,0.2184,0.21,0.253,0.4007,0.3704,0.4018,0.3499,0.7521,0.525,0.0912
0.5518,0.8204,0.8814,0.3685,3.2062,1.0045,1.5202,1.4928,2.2699,0.9955,0.4435,1.774,0.7351,1.2231,3.5141,2.5252,0.977,2.184,2.2459,2.6669,6.5623,1.4163,1.9063,1.0087,1.4839,1.883,3.608,2.4922,2.9567,5.5809,7.4496,0.0656,0.8248,0.63,0.8938,0.0656,0.0656,0.1849,0.3215,0.0656,0.3857,0.0656,0.0656,0.1225,0.0656,0.1407,0.2266,0.2238,0.0656,0.0656,0.0656,0.7016,0.2416,0.0656,0.0656,0.3772,0.1951,0.0656,0.0656
1,0.8176,1.2753,0.4589,3.0946,1.5506,2.375,1.6874,3.6252,0.9575,0.3702,1.6166,1.1472,1.4929,3.7938,3.1464,1.4468,3.502,2.3043,3.106,9.7605,1.2448,3.5764,1.5273,1.8997,2.2445,4.2047,4.3679,4.5384,6.1799,10.5227,0.2308,1.0754,0.954,1.2807,0.1831,0.2285,0.4312,0.6159,0.127,0.5356,0.1066,0.2795,0.3157,0.1066,0.3365,0.3229,0.3364,0.1266,0.2325,0.2761,0.4018,0.4384,0.2949,0.4006,0.3904,0.5841,0.2917,0.1066
0.4621,0.9405,0.5735,0.173,1.5373,0.8604,1.1999,1.2706,3.283,0.173,0.2995,1.6598,0.173,0.173,1.9905,1.1051,0.4462,0.173,0.173,1.2682,4.2426,0.7706,1.0379,0.7423,1.0354,0.9646,1.9273,0.173,1.6708,2.8224,3.7636,0.173,0.3853,0.173,0.5585,0.173,0.173,0.173,0.1747,0.173,0.173,0.173,0.173,0.173,0.173,0.173,0.173,0.173,0.173,0.173,0.173,0.806,0.2437,0.173,0.173,0.173,0.173,0.173,0.173
0.0895,0.1021,0.2029,0.0895,1.9128,0.0895,1.1193,0.7021,0.8687,0.0895,0.0895,0.3843,0.0895,0.4766,2.3361,1.1364,0.8095,1.4125,1.1572,1.5426,4.4895,0.7496,1.4535,0.5782,0.8049,0.8807,2.5776,2.2715,2.233,3.2732,6.3611,0.0895,0.4308,0.0895,0.5027,0.0895,0.0895,0.0895,0.0895,0.0895,0.0895,0.0895,0.0895,0.0895,0.0895,0.0895,0.0895,0.0895,0.0895,0.0895,0.0895,0.0895,0.0895,0.0895,0.0895,0.0895,0.0895,0.0895,0.0895
0.5598,1.0156,1.1908,0.3281,1.4437,1.6436,1.3885,1.1389,2.783,1.212,0.5607,2.1724,0.8641,0.7864,1.9447,3.0745,0.0912,1.9699,1.0381,1.0638,2.7254,0.8082,0.8877,0.6216,0.9037,0.828,2.1444,2.6285,1.1486,2.4192,2.5089,0.0912,0.7256,0.0912,0.7298,0.0912,0.0912,0.0912,0.447,0.0912,0.779,0.1297,0.0912,0.1143,0.0912,0.1452,0.0912,0.2137,0.0912,0.0912,0.1774,2.7789,0.5945,0.0912,0.0912,1,0.0912,0.0912,0.0912
0.7209,0.5424,0.5424,1.0708,1.1132,0.5424,0.7123,0.8512,1.4004,0.9845,1.7511,0.5424,0.5424,0.5424,0.5424,0.8982,1.4297,0.5424,0.5601,0.5424,0.99,0.6764,0.5424,1.119,0.5424,1.3122,1.0582,1.0757,0.7343,0.5424,0.5424,1.0535,0.6502,0.5424,0.5424,0.5424,1.1016,0.6711,0.5424,0.9125,1.0408,0.5424,0.849,0.5424,0.5424,0.5424,0.5424,0.5424,1.01,0.5424,0.5424,0.5424,0.5424,0.5424,1.0402,0.5424,1.0145,0.9611,0.5424
0.3669,1.8415,3.6752,0.1469,2.2627,2.04,1.4501,2.4786,1.3903,1.2241,1.5057,1.2225,0.8499,1.0147,1.921,0.4415,1.2152,0.5291,1.2053,0.5284,1.6055,1.3538,2.0909,0.1469,0.1469,1.7144,0.6502,1.4395,0.6663,0.1469,0.1469,1.4361,0.9221,0.5056,0.1469,0.1469,0.1469,0.3078,0.1578,0.1469,0.7153,0.1469,0.1469,0.7093,0.1716,1.7441,0.1912,0.3682,0.2841,0.5988,0.1469,1.0406,0.8397,0.9853,0.1469,0.1469,0.6402,0.1469,0.1469
0.8829,1.5829,1.5919,1.0944,1.8569,0.4441,0.8279,0.9048,0.8471,1.0754,0.4441,0.9487,0.4441,0.7064,1.9807,1.0201,1.9915,0.4441,1.2652,0.994,1.2162,1.1189,1.037,0.8383,0.4441,0.4441,1.7574,2.264,0.8423,0.7659,0.5291,0.4441,1.006,0.4441,0.4441,0.4441,0.4441,0.4441,0.6904,0.4441,0.4441,0.4441,0.4441,0.4441,0.4441,0.4441,0.4441,0.71,0.4441,0.4441,0.4441,2.1964,0.4441,0.4441,0.4441,0.7899,0.5854,0.4441,0.4441
0.3045,0.3045,0.3045,0.3045,0.3045,0.3045,0.3045,0.3045,0.3045,0.3045,0.3045,0.3045,0.3045,0.3045,0.3045,0.3045,0.3045,0.3045,0.7079,0.3863,0.3045,0.3045,2.4915,0.3045,0.3045,0.3045,0.3045,2.8876,0.3929,0.6444,0.3045,0.9704,1.1195,1,0.853,0.3045,0.3045,0.3045,0.3045,0.3045,0.3045,0.3045,0.3045,0.3045,0.3045,1.3757,0.419,1.2298,0.3045,0.3045,0.3045,0.3045,0.3045,0.3045,1.0244,1.0585,1.082,0.3045,0.3045
5.9865,8.4903,3.0234,7.2868,7.8318,1.2206,2.8203,1.9409,1.9443,3.0586,1.9036,2.2044,1.0293,0.1531,8.1494,0.1531,0.1531,1.6342,0.5547,0.6575,0.6622,1.149,1.1306,0.1531,0.1531,0.7329,0.7296,0.4924,0.9707,0.5964,0.8702,0.5295,0.1531,0.6323,0.5342,0.1531,0.1531,0.1531,0.5002,0.1531,0.1531,1.3282,0.1531,0.1531,0.1531,0.1531,0.1531,0.5323,0.3399,0.1531,0.6606,1.6517,0.5148,0.5506,0.1531,0.1531,0.1531,0.1531,0.1531
0.9956,3.4558,1.892,1.3428,1.1224,1.6879,1.4262,2.1255,1.6465,1.5979,1.0914,2.1725,1.2281,2.8934,0.9241,0.7586,2.5123,0.5543,0.3553,0.3553,0.3553,0.5523,0.8023,0.8707,0.3748,1.2219,1.012,0.6223,0.3553,0.3553,0.6671,2.3949,0.6649,0.3553,0.375,0.3553,0.5661,1.6512,0.7452,0.6902,0.3553,0.3553,0.3553,1.037,0.869,0.3553,0.7429,0.3553,0.9425,1.6727,0.3553,1.7794,1.0044,0.3553,0.8868,0.5886,0.5846,0.3553,0.3553
0.4145,0.5663,2.4282,3.0212,1.2197,0.4145,0.739,0.9656,0.8572,0.5181,0.4145,0.4145,0.4145,1.0247,1.3661,1.2813,1.488,0.9632,1.3195,1.789,0.8088,2.0188,1.5904,0.4145,1.4098,2.445,2.1784,0.9753,0.5942,1.795,0.8437,0.4145,0.8265,0.4145,0.5035,0.4145,0.4145,1.0924,0.6478,0.4145,0.4145,0.4145,0.4145,0.4145,0.4145,0.4145,0.4145,0.8703,0.4145,0.4145,0.4145,0.5228,0.4145,0.4145,0.4145,0.4145,0.4145,0.4145,0.4145
0.2862,0.2862,2.9724,0.2987,2.9189,5.8259,0.2862,2.2414,0.2862,0.2862,0.3038,0.2862,0.2862,2.3179,2.9864,0.2862,0.2862,0.4683,0.2862,0.2862,0.2862,0.2862,0.785,0.2862,0.2862,1.601,1.0046,1.8905,0.2862,0.9954,0.2862,0.2862,0.2862,0.6214,0.2862,0.2862,0.2862,0.2862,0.2862,0.2862,0.2862,0.5298,0.2862,0.2862,0.2862,0.2862,0.2862,0.2862,0.2862,0.2862,0.2862,0.2862,0.2862,0.2862,0.3157,0.2862,0.2862,0.2862,0.2862
0.4433,0.7156,5.0156,0.8378,0.4433,0.4433,2.5404,0.4433,0.9421,0.4433,0.4433,0.4433,0.4433,0.4433,0.4433,0.4433,1.329,0.9993,0.4433,3.0564,0.763,0.4433,0.4433,0.4433,1.0007,0.4433,1.1546,0.5251,0.4433,0.4433,0.4433,0.4433,1.1163,0.7616,1.3579,0.4433,0.4433,0.4433,0.4433,0.4433,0.4433,0.4433,0.4433,0.4433,0.4433,0.4433,0.4433,0.4433,0.4433,0.4433,0.4433,0.4433,0.4433,0.4433,0.4433,0.4433,0.4433,0.4433,0.4433
2.0864,1.8591,1.6693,0.3977,2.2587,4.0763,2.4714,1.927,2.8135,4.2286,2.0439,4.893,3.1954,1.1392,2.8164,9.0162,0.982,2.366,0.8442,1.0798,2.3862,1.5669,0.1025,2.3948,0.6138,1.6724,2.0919,1.6659,1.7258,0.8272,0.7303,1,0.7844,0.6707,0.4042,0.3166,0.4427,1.2087,0.4585,0.2913,0.9163,0.3386,1.4403,0.2867,0.1733,0.4261,0.5052,0.4643,0.6581,0.5118,0.6972,1.7503,1.2019,0.5487,0.2903,0.4075,0.2737,0.1025,0.1025
0.2896,0.2896,0.2896,0.2896,0.3589,0.2896,0.2896,0.2896,0.2896,0.2896,1.41,0.2896,2.0604,1.1273,0.5194,0.2896,0.2896,1.5865,0.2896,0.2896,0.2896,1.5245,0.2896,0.4231,0.2896,0.2896,0.2896,2.1437,0.2896,0.5013,0.2896,0.2896,0.2896,0.2896,0.2896,0.2896,0.2896,0.2896,0.3918,0.2896,0.8727,0.5983,0.2896,0.2896,0.2896,0.2896,0.2896,0.2896,0.2896,0.2896,0.2896,11.0879,1.5032,0.2896,0.2896,0.2896,0.2896,0.2896,0.2896
1.2101,2.3089,1.1229,0.7418,1.2032,1.1031,1.0145,0.3229,0.9412,1.4955,0.3229,1.7196,0.4004,0.3229,0.9855,0.9593,0.3229,0.9464,0.3229,0.3229,2.0858,0.3229,0.3229,0.3229,0.3229,0.3229,0.7517,1.3229,0.6233,0.3229,0.3229,0.3229,0.3229,0.3229,0.3229,0.3229,0.3229,0.3229,0.3229,0.3229,0.3229,0.3229,0.3229,0.3229,0.3229,0.3229,0.3229,0.3229,0.3229,0.3229,0.3229,0.767,0.3229,0.3229,0.3229,0.3229,0.3229,0.3229,0.3229
1.7183,2.9669,3.2419,1.4169,1.7409,2.4046,2.11,1.4551,1.683,2.8839,1.5499,1.769,1.745,1.2661,1.8777,0.7755,1.8916,1.2999,0.5813,1.4977,1.5679,0.8985,1.3753,1.1437,0.3458,1.3682,0.9669,1.652,0.8015,0.7966,0.5235,0.6391,0.9389,0.4706,0.5958,0.4138,0.4208,0.9644,0.7628,0.556,2.0061,1.0017,0.4174,1.0689,7.6915,0.7052,0.6172,0.9215,0.6064,0.6581,0.8899,1.8913,1.0742,0.9983,0.5871,0.5712,0.5682,0.1624,0.1624
0.1618,0.1618,0.1618,0.1618,0.1618,0.1618,0.1618,0.1618,0.1618,0.1618,0.1618,0.1618,0.1618,0.1618,0.1618,0.1618,0.1618,0.1618,0.1618,0.1618,0.1618,0.1618,0.1618,0.1618,0.1618,1.1256,0.1618,0.1618,0.1618,0.8744,0.1618,0.1618,0.1618,0.1618,0.1618,0.1618,0.1618,0.1618,0.1618,0.1618,6.1558,3.0617,0.1618,0.1618,0.1618,0.1618,0.1618,0.1618,0.1618,0.1618,0.1618,0.4285,0.1618,0.1618,0.1618,0.1618,0.1618,0.1618,0.1618
5.3834,7.4645,6.0016,5.6775,2.0259,2.3991,2.1288,1.9349,2.4697,2.8488,1.1698,2.8178,1.4338,1.2645,2.1688,1.7811,0.9702,0.8288,0.6579,1.205,2.7218,1,1.4327,1.4538,1.1528,1.0816,2.0656,1.5793,1.031,1.359,1.1672,0.9728,0.8894,0.9578,0.7261,0.2749,0.3033,0.6532,0.5536,0.263,0.6214,0.4573,0.1684,0.4183,0.264,0.3137,0.4857,0.609,0.2873,0.5331,0.3924,1.1418,0.6275,0.4243,0.4888,0.5192,0.4048,0.1684,0.1684
1.4465,1.6377,1.736,1.7405,2.3702,1.0608,1.6448,1.5998,1.6947,0.9405,0.6879,1.636,0.6927,1.5264,2.7472,1.2284,1.1673,0.6452,1.9454,1.5225,1.1885,1.2093,1.0595,0.7798,0.7736,1.0854,1.3174,1.2875,0.7994,1.1587,0.9201,0.7545,1.1763,0.7312,0.5948,0.2545,0.2545,0.4428,0.2545,0.684,0.5173,0.3113,0.2545,0.4899,0.2545,0.2545,0.4055,0.5487,0.2545,0.6131,0.4949,0.8162,0.3854,0.2545,0.5884,1.3704,0.5776,0.2545,0.2545
0.1067,1,0.6931,1.0498,1.9757,3.2082,1.4813,2.0974,1.5919,2.1286,2.7187,1.2067,1.089,1.7416,1.7123,0.4264,1.6081,1.0792,1.6734,0.9974,6.3317,0.6387,1.2309,1.331,1.321,0.9496,1.5388,0.4378,3.2363,0.6411,1.3981,0.6838,0.0621,0.2392,0.4705,0.4072,0.2708,1.1755,0.6772,0.1303,1.3998,0.8256,0.6116,0.4303,0.1905,0.5776,1.1294,0.9886,0.624,0.5374,0.9957,0.14,0.8028,1.1896,1.2553,0.2486,1.1001,0.0621,0.0621
2.1904,1.8627,1.5175,1.8853,1.7405,0.566,3.0148,0.4179,4.3546,2.8303,0.5585,6.9362,0.3909,0.6413,2.1424,4.3307,0.3868,1.0611,0.3868,0.6202,1.6851,0.741,0.3868,0.4856,0.6344,0.5103,1.687,1,0.4573,0.3868,0.7899,0.3868,0.6834,0.3868,0.3868,0.3868,0.3868,0.3868,0.3868,0.3868,0.3868,0.3868,0.3868,0.3868,0.3868,0.3868,0.3868,0.3868,0.3868,0.3868,0.3868,0.3868,0.3868,0.3868,0.3868,0.3868,0.3868,0.3868,0.3868
0.433,9.6672,10.8345,8.2186,4.2934,0.1629,6.3684,2.5458,0.78,6.0127,1.8635,1.0385,2.6538,0.4674,5.7186,0.715,0.9072,0.5912,0.9038,1.0761,7.5763,1.288,0.4918,3.3778,2.3612,0.4603,1.3697,0.2271,1.3868,0.1206,2.3367,1.4045,0.1412,2.5179,0.8829,0.9183,1.2138,1.8585,3.3246,0.2581,0.1267,1,0.0219,0.8405,0.7035,0.0219,1.0262,0.555,0.5565,2.4203,0.4688,0.0383,0.2029,1.0844,0.3473,0.0219,0.1978,0.0219,0.0219
1.9562,3.4455,4.0143,1.8514,2.4868,3.2825,2.3536,1.7656,2.397,2.8002,0.8776,2.2973,1.6049,1.0232,2.6001,1.6408,0.9397,1.7449,0.9734,1.1744,1.6284,0.8591,1.7934,1.1409,0.7207,1.207,1.2734,1.6178,0.6866,1.1276,0.8161,0.7172,0.8667,0.6376,0.6083,0.3374,0.2326,1.037,0.6761,0.3501,1.3883,0.9359,0.1445,0.3993,1.0657,0.4293,0.4983,0.9627,0.4647,0.7622,0.513,3.1564,1,0.5712,0.4135,0.4851,0.3766,0.1445,0.1445
0.7055,0.8842,2.5864,1.036,1.5028,1.3925,0.9605,0.8749,0.3141,1,1.8617,0.4484,2.7584,0.2027,1.7227,2.1521,0.4598,2.154,0.4575,0.9224,0.2027,0.2027,1.5223,0.2027,0.2027,1.1186,0.2027,1.3328,0.2027,0.4484,0.2027,0.679,0.2027,0.2027,0.2027,0.2027,0.2027,0.2027,0.2027,0.2027,0.2027,0.4975,0.6366,0.2027,0.2027,0.2027,0.2027,0.2027,0.2027,0.2027,0.2027,2.2547,0.2027,0.2027,0.2027,1.9478,0.2027,0.2027,0.2027
0.4772,1.4559,2.0108,1.1946,1.261,1.6856,1.0313,0.4772,0.6698,1.1537,0.4772,1.0548,0.4772,0.4772,1.1891,1.2881,0.5668,0.6516,0.7297,0.4772,0.7201,0.4772,0.9687,0.4772,0.4772,0.712,1.6917,0.7589,0.4772,0.5773,0.4772,0.4772,0.4772,0.4772,0.4772,0.4772,0.4772,0.4772,0.4772,0.4772,0.4772,0.4772,0.4772,0.4772,0.4772,0.4772,0.4772,0.4772,0.4772,0.4772,0.4772,0.74,0.4772,0.4772,0.4772,0.4772,0.4772,0.4772,0.4772
3.8419,0.8198,0.8198,0.8198,0.8198,0.8198,0.8198,0.8198,0.8198,0.8198,0.8198,0.8198,0.8198,0.8198,0.8198,0.8198,0.8198,0.8198,0.8198,0.8198,0.8198,1,0.8198,0.8198,0.8198,0.8198,0.8198,0.8198,0.8198,0.8198,0.8198,0.8198,0.8198,0.8198,0.8198,0.8198,0.8198,0.8198,0.8198,0.8198,0.8198,0.8198,0.8198,0.8198,0.8198,0.8198,0.8198,0.8198,0.8198,0.8198,0.8198,2.7398,0.9357,0.8198,0.8198,0.8198,0.8198,0.8198,0.8198
1.7345,3.2681,3.3915,2.7638,2.1949,2.0185,2.6109,1.9038,1.2643,2.0212,0.8506,1.3558,1.2092,1.6697,2.0096,1.2453,0.9179,1.0061,1.5071,1.3232,1.8721,1.3079,1.9449,1.4921,0.779,1.1716,1.8072,0.9389,0.7566,1.3368,1.1419,0.6495,0.8314,0.9939,0.7502,0.3502,0.4003,0.7277,1.1191,0.4151,0.8671,0.652,0.3434,0.6441,0.2952,0.49,0.4612,0.6331,0.3403,0.5835,0.7206,1.6944,0.8595,0.4457,0.2952,0.7528,0.4883,0.2952,0.2952
1,1.3871,0.5616,0.5703,0.5616,1.0026,1.052,0.7568,1.3785,0.5616,0.5616,1.3056,0.5616,0.5616,0.9498,0.5616,0.5616,0.5616,0.5616,0.5616,0.6705,0.5616,0.5766,0.5616,0.5616,0.5616,0.5616,0.5616,0.5616,0.5616,0.5616,0.5616,0.5616,0.5616,0.5616,0.5616,0.5616,0.5616,0.5616,0.5616,8.265,2.8939,0.5616,0.5616,0.5616,0.5616,0.5616,0.5616,0.5616,0.5616,0.5616,0.5616,0.5616,0.5616,0.5616,0.5887,0.5616,0.5616,0.5616
1.7843,2.2401,0.3533,0.9935,0.8207,1.6276,1.4532,0.8692,1.4101,0.9387,0.3533,1.1259,1.0721,0.3533,0.4781,0.4669,0.3533,0.3533,0.3533,0.3533,0.7952,0.3533,0.8871,0.3533,0.3533,0.3533,0.3533,0.3533,0.3533,0.3533,0.3533,0.3533,0.3533,0.3533,0.3533,0.3533,0.3533,0.3533,0.3533,0.3533,0.3533,0.3533,0.3533,1.0065,0.3533,0.3533,0.3533,0.3533,0.3533,0.3533,0.3533,1.2205,0.3533,0.3533,0.3533,0.3533,0.3533,0.3533,0.3533
2.5704,4.8214,6.9169,2.3245,2.6239,2.8789,1.9231,1.5792,4.2793,2.0791,1.3037,4.1928,2.6436,1.314,2.7501,1.4899,1.1157,1.5956,0.8366,0.954,1.5855,1.0396,2.0114,0.9056,0.6425,1.4422,1.312,1.8506,0.8012,1.2378,0.8952,0.8399,0.9781,0.9441,0.7692,0.7684,0.5544,1,1.0086,0.5338,1.1307,0.7441,0.5243,0.8447,3.2303,0.8302,0.6459,0.7411,0.6133,0.8657,0.719,2.3624,0.931,0.6031,0.6855,0.9839,0.647,0.3552,0.3068
3.0657,11.4585,1.0335,0.9665,0.0535,1.7443,2.1278,1.975,5.0413,4.7852,0.4327,1.6348,0.0535,0.0535,0.0535,0.891,0.0535,0.3846,0.0535,0.0535,1.897,0.0535,0.0535,0.7292,0.0535,0.0535,0.2654,0.0535,0.0535,0.1073,0.1755,0.0535,0.0535,0.0535,0.0535,0.0535,0.0535,0.0535,0.0535,0.0535,0.0535,0.0535,0.0535,0.0535,0.0535,0.0535,0.0535,0.0535,0.0535,0.0535,0.0535,0.5489,0.0535,0.0535,0.0535,0.0535,0.0535,0.0535,0.0535
2.4156,3.8667,4.3976,2.3926,2.1885,1.8408,2.0287,1.5396,2.3866,2.1451,0.5687,2.0671,1.4857,1.211,2.2785,1.3737,1.1813,1.2008,0.6823,0.998,1.6532,1.0394,1.7151,1.0504,0.6251,1.108,1.1598,1.3929,0.7201,0.9784,0.8196,0.7644,1.002,0.8414,0.8295,0.5557,0.3257,1.0058,0.9781,0.3395,0.8491,0.616,0.2518,0.5741,1.1445,0.5195,0.5488,1.142,0.5964,0.7584,0.6386,1.7785,0.8708,0.5443,0.59,0.8479,0.5841,0.0338,0.0338
2.8978,5.4027,6.0405,2.8382,2.1547,1.5813,2.0328,1.7619,1.8515,2.5325,1.231,2.9269,1.6242,1.0173,2.3648,1.5461,0.8014,1.3763,0.6112,0.8417,2.9286,0.7882,0.9884,1,0.6195,0.9369,1.0768,1.3403,1.3603,0.717,1.0637,0.7007,0.8491,0.6785,0.596,0.5103,0.8658,1.1133,1.6444,0.313,1.1283,1.0035,0.2042,0.5744,1.5512,0.3779,0.5228,0.7794,0.6383,1.2105,0.6586,1.237,0.6145,0.4571,0.4469,0.5412,0.4084,0.042,0.0504
9.8159,1.8241,0.5307,1.927,5.1403,1.565,1.5044,0.9324,0.3844,1.0624,0.6866,0.5879,1.8108,1.8075,4.7844,0.3844,0.3844,1.1125,0.3844,1.0796,1.0397,0.9242,0.3844,0.7266,0.5923,1.087,0.8224,1.3498,0.7961,0.5062,0.6289,0.3844,1.0795,0.3844,0.4391,0.6845,0.3844,0.6142,0.5885,0.724,0.7775,1.0282,0.3844,1.5776,0.3844,0.3844,0.596,0.9646,0.3844,0.5301,1,0.8702,1.1539,1.1038,1.6589,0.8461,0.3844,2.4356,1.9126
0.9315,0.9901,1.1632,0.7231,1.2995,0.8852,0.8652,0.6427,0.6427,0.9002,0.6427,0.6427,1.264,0.6427,0.6427,1.0714,2.7817,2.509,0.7486,0.6427,0.6427,0.6427,0.6427,0.6427,0.6427,0.8028,0.9941,1.4724,0.6568,1.5229,0.6427,1.5978,1,0.6427,0.6427,0.6427,0.6427,0.862,0.6427,0.6427,0.6427,0.6427,0.9363,0.6427,0.6427,0.6427,5.2668,0.6427,0.6427,1.2265,0.6427,1.6174,0.6427,1.0897,0.6427,0.6427,0.6427,0.6427,0.6427
0.7504,2.247,1.9058,1.1712,0.9383,1.5865,0.1306,1.1079,0.1306,1.1029,1.0617,0.9281,0.3956,0.9215,1.1213,0.1306,0.1306,0.1306,0.1306,0.6598,1.3613,0.1306,0.1306,0.1306,0.1306,0.1306,0.1306,0.3774,0.1306,0.9337,0.1306,0.1306,0.7134,0.1306,0.1306,0.1306,0.1306,0.1306,0.1306,0.1306,0.1306,0.1306,0.1306,0.1306,0.1306,0.1306,0.1306,0.1306,0.1306,0.1306,0.1306,1.1022,0.1306,0.1306,0.1306,0.1306,0.1306,0.1306,0.1306
2.5667,4.1305,5.8843,1.6173,2.7633,1.622,2.1765,1.3228,2.1616,2.979,1.1761,2.8865,2.31,0.8648,3.4693,2.3918,0.6661,1.399,0.7595,0.7616,3.1194,0.5563,1.1471,0.7785,0.92,0.8891,1.495,2.0712,0.903,1.1893,0.7847,0.5198,1.6404,1.3266,1.0626,0.6155,0.7415,1.4388,1.6199,0.2072,1.3502,0.6056,0.1374,0.4482,0.191,0.2945,0.5577,0.7121,0.2066,0.444,0.2433,2.0021,1,0.5781,0.6139,0.7298,0.3765,0.1374,0.1374
7.9371,11.5011,10.6991,5.3761,1.2103,2.1409,8.8895,3.5207,6.2618,7.7027,1.2779,7.511,1,1.203,1.3033,1.3645,1.4591,0.7454,0.625,2.2081,2.3399,2.3637,2.0191,1.7289,0.7501,1.0155,1.3326,0.7216,2.2689,0.9307,1.9058,0.3647,2.1459,1.7651,1.641,0.0368,0.2025,0.53,0.3758,0.2023,0.6893,0.2621,0.0642,0.3629,0.0504,0.2239,0.2643,0.6652,0.1555,0.2086,0.2522,0.2228,0.2644,0.2533,0.3313,0.2958,0.3009,0.0368,0.0368
0.4168,2.0064,3.0163,0.6563,0.4168,0.6695,2.3317,0.6048,0.4168,1.1813,0.4168,1.183,0.4168,0.4168,1.0957,0.4168,0.9043,0.4168,0.4168,0.8866,0.4168,0.4168,0.4168,0.4168,0.4168,0.4168,1.7997,0.4168,0.4168,0.4168,0.4701,0.4168,1.5284,0.4168,0.4168,0.4324,0.4168,0.4168,0.4168,0.4168,0.4168,0.4168,0.4168,0.4168,0.4168,0.4168,0.4168,0.4168,0.4168,0.4168,0.4168,0.4168,0.4168,0.4168,0.4168,0.4168,0.4168,0.4168,0.4168
0.1154,0.6134,0.7367,5.3308,4.3875,0.2357,2.9573,0.683,0.1356,0.8486,0.1154,1.1514,0.2119,4.4666,6.6631,1.5657,4.0199,0.1333,1.3077,8.6805,7.2817,1.841,0.2259,0.1154,0.1154,3.3205,1.8158,0.1154,0.1154,5.3103,2.4793,7.1544,0.5165,0.675,0.1154,0.2892,0.1154,0.5687,0.1584,0.1154,0.1154,0.1154,0.1154,0.3351,0.1154,0.1154,0.1154,0.1154,0.1154,0.5785,0.1154,0.1154,0.1154,0.1154,0.1154,0.1154,0.1154,0.1154,0.1154
5.0268,6.5016,8.9304,2.3996,2.4313,2.74,3.6877,1.9346,2.8745,2.8403,1.0859,2.9716,2.9334,1.3294,2.5344,1.2539,1.0576,0.9982,0.7813,1.3505,4.0386,0.9003,1.7438,0.8772,0.9228,1,1.7855,1.6286,0.7818,1.2759,1.2267,1.0076,1.0631,1.1081,0.7141,0.2318,0.3176,0.8449,0.7159,0.1759,0.5486,0.4202,0.0993,0.4965,0.1876,0.4869,0.6582,1.2725,0.4734,0.9576,0.5468,0.67,0.5402,0.3511,0.372,0.4996,0.4093,0.0993,0.0993
3.1898,3.457,3.0389,1.5132,1.4942,0.5484,1.3001,0.9857,0.8627,1.3714,0.3603,2.2792,0.3091,0.3453,1.6162,2.3028,0.3091,0.9119,0.3091,0.3091,1.6379,0.3091,0.9038,0.3091,0.4626,0.3091,1.2013,1.0699,0.6496,0.511,0.4578,0.3091,1,0.6883,0.3091,0.3091,0.3091,0.3091,0.3091,0.3091,0.3091,0.3091,0.3091,0.3091,0.3091,0.3091,0.3091,0.3091,0.3091,0.3091,0.3091,1.2697,0.3091,0.3091,0.3091,0.6913,0.3091,0.3091,0.3091
0.8691,0.9697,1.3757,0.6294,1.4421,1.6831,1.2142,0.718,1.4614,0.8522,0.995,1.3587,1.266,0.2493,1.4085,2.1817,0.4217,2.0637,1.1006,1.4202,2.5606,1.1464,1.0202,0.8756,0.9513,1.6531,1.8914,1.9913,1.5833,2.2238,2.8468,0.2493,1,0.9832,0.8912,0.2493,0.2493,0.2493,1.0106,0.2493,0.8184,0.4699,0.2493,0.795,0.2493,0.2493,0.5875,0.5305,0.413,0.7108,0.5154,1.4438,0.5503,0.2493,0.4247,1.3305,0.2493,0.626,0.2742
2.887,5.4798,3.7028,3.0661,1.5394,1.4843,2.8085,1.7984,3.0036,2.3842,1.3016,3.167,0.4701,1.0217,1.7575,1.2457,1.1357,0.8759,0.7635,2.2183,1.5637,1.8363,1.835,1.8108,0.6568,0.9783,1.7775,1.1382,1.1052,1.346,1.8507,0.2109,1.4372,1.3155,1.3466,0.1024,0.146,0.4163,0.4111,0.1781,0.4678,0.3087,0.0502,0.1622,0.057,0.2078,0.1935,0.4473,0.1312,0.2599,0.216,0.8525,0.3196,0.1841,0.3436,0.4349,0.3367,0.0073,0.0073
3.0503,4.7069,4.0374,2.7941,1.6039,2.5569,2.7013,1.4758,2.154,3.1044,2.0116,3.3534,2.0004,1.2408,1.695,1.704,0.8185,2.2171,0.6385,1.0361,2.7639,0.8832,0.9539,1.1586,0.9065,0.8961,1.1853,2.2758,0.9963,0.8487,1.1287,0.6048,1.1787,1.0082,0.9086,0.4033,0.3684,0.9445,1.0749,0.1135,1.1455,0.796,0.19,0.3538,0.2689,0.3221,0.7533,1,0.4627,0.8545,0.5346,3.0061,0.9995,0.5758,0.4789,0.7816,0.5164,0.1135,0.1135
1.143,1.9475,2.4503,2.17,2.7593,1.6925,1.6683,2.4524,1.6032,1.3107,1.1042,1.6646,0.8762,1.4487,3.6314,1.854,2.1481,1.0086,3.4652,1.7272,1.0605,1.319,1.3576,0.9287,0.9869,1.547,1.2679,2.5966,0.4711,4.4885,0.7235,0.7324,0.5639,0.5258,1.1543,0.3046,0.3026,0.5776,0.554,1.5336,0.6225,0.391,0.1338,0.5081,0.3017,0.4175,0.3168,0.7897,0.4178,0.6068,0.3634,0.8986,0.5443,0.4799,1,1.6717,0.6303,0.0918,0.1069
0.8274,2.538,3.8565,1.2603,1.7019,2.5622,1.3651,1.3251,1.5572,2.0252,1.8296,1.3323,2.2823,0.9094,2.2571,1.6199,1.4968,2.3148,0.5443,1.049,0.9681,0.6079,1.5267,0.6199,0.2936,1.626,1.0254,1.9692,0.3105,1.1966,0.4465,1.1235,0.5519,0.2873,0.4658,1.1954,0.4043,1,1.0014,0.4498,1.6227,0.9795,0.2738,1.2085,14.2307,0.5336,0.2831,0.5102,0.7509,0.9827,0.7921,3.1143,0.9838,0.9334,0.4173,0.3499,0.2938,0.0976,0.1051
0.7292,1.985,2.2667,0.4954,0.1328,0.2667,1.3456,0.7804,2.0067,0.9099,1.0901,3.0038,0.1328,0.1328,0.1328,0.1328,0.1328,0.1328,0.1328,0.1328,0.1328,0.1328,0.1328,0.1328,0.1328,0.1328,0.1328,0.1328,0.1328,0.1328,0.1328,0.1328,0.1328,0.1328,0.1328,0.1328,0.1328,0.1328,0.1328,0.1328,0.1328,0.1328,0.1328,0.1328,0.1328,0.1328,0.1328,0.1328,0.1328,0.1328,0.1328,0.1328,0.1328,0.1328,0.1328,0.1328,0.1328,0.1328,0.1328
1.5378,2.6459,5.6194,1.7899,1.9167,3.7259,1.1236,2.9063,2.3485,2.4443,2.5224,3.5059,2.4497,1,2.0107,2.3881,1.4237,2.2725,1.0178,0.8606,1.6231,0.792,0.8837,0.9881,1.5625,0.9876,1.0288,2.8023,0.6412,0.9505,0.8627,0.6248,0.7203,0.3094,0.5137,0.4914,0.6529,1.308,1.7488,0.2538,1.8996,1.8199,0.4929,0.9344,0.6045,0.4399,0.7168,0.4787,0.6114,0.8916,0.7105,3.7849,1.5729,0.7851,0.3681,0.8326,0.3637,0.2538,0.2538
2.0336,4.0799,3.5672,2.5147,2.0986,2.0282,2.5337,2.1188,2.3504,1.8722,1.5046,2.8151,1.3378,1.3137,2.4298,1.4935,1.8685,1.1678,1.1814,2.0364,1.6817,1.877,2.2784,0.8223,0.9916,1.4577,1.5799,2.0076,0.3465,0.9565,0.5816,0.8671,0.8484,0.6992,0.7209,0.3244,0.2706,0.8045,0.6726,0.345,0.8449,0.6254,0.1474,0.3328,0.152,0.6729,0.6251,1.1493,0.4276,0.7645,0.6481,1.4628,0.637,0.3512,0.4223,1.0084,0.4123,0.0138,0.0138
5.7916,10.2197,3.3356,3.5472,2.6337,4.2148,2.1284,2.8304,7.2936,4.3463,0.9737,11.495,1,0.9007,2.2507,1.8904,1.0071,0.8328,0.3956,0.7095,1.7067,0.843,0.8457,1.3344,0.4546,0.5512,1.1341,0.1246,0.9685,0.6392,0.8982,0.1246,0.4632,0.3,0.1888,0.1246,0.1246,0.1246,0.2097,0.1246,0.1246,0.1246,0.1246,0.1246,0.1246,0.1246,0.1246,0.1246,0.1246,0.1246,0.1246,0.1246,0.1246,0.1246,0.1246,0.1246,0.1246,0.1246,0.1246
7.0895,3.1372,1.9682,3.4725,2.0611,1.9843,1.705,0.9219,2.0632,1.4398,0.7462,2.4843,1.1062,0.8444,2.431,1.1761,0.6682,0.4815,0.4067,0.3538,0.5436,0.4116,1.962,0.1719,0.2479,0.9824,0.8395,1.3081,0.1719,1.0504,0.1719,0.5747,2.4463,1.4653,1.7998,0.5073,0.1719,1.1687,1.1031,0.1719,1.2339,0.8669,0.1719,0.3793,0.1719,0.2284,0.5093,0.4523,0.1719,0.7334,0.1719,2.8737,1.0176,0.1719,0.3613,0.493,0.2619,0.1719,0.1719
1.6164,2.8106,2.154,2.0494,1.5111,3.8617,3.1357,1.7176,3.3664,2.5242,1.391,1.6428,0.553,0.5256,1.4644,1.0474,0.2698,1.4324,0.5364,0.67,2.0426,0.643,0.572,1.0366,0.777,0.5342,2.1278,1.2838,0.6367,0.3725,0.3259,0.2698,0.76,0.5016,0.3977,0.2698,0.2698,0.2698,0.451,0.2698,1,0.5762,0.2698,0.2698,0.2698,0.2698,0.2698,0.6051,0.2698,0.2698,0.2698,1.0673,0.5108,0.2698,0.2698,0.6062,0.2698,0.2698,0.2698
2.4564,1.0926,1.0657,1.2498,0.797,1.7854,1.7796,1.3621,1.2668,1.7574,1.9677,1.8234,2.2069,0.9805,1.0744,1.7344,0.3629,1.4273,0.3629,0.3629,0.8801,0.9993,0.3629,0.9062,1.783,0.8653,0.7807,3.0806,0.3629,1,1.0605,1.3527,0.8254,0.9182,0.9083,0.4221,0.3629,1.1591,0.9695,0.3629,0.8646,0.8202,0.3629,0.6515,0.3629,0.5483,0.4405,0.4369,0.3629,0.7323,0.3629,0.3629,0.5967,1.0621,0.3629,0.3629,0.3629,0.3629,0.3629
2.4455,2.8486,2.8157,3.3182,3.69,2.3832,2.1923,1.5175,4.1251,2.4174,1.4299,4.9695,2.15,0.9962,4.917,5.914,0.1115,2.8114,0.8445,0.6841,3.1011,0.6417,1.6345,0.6972,1.2231,1.1376,2.1211,4.0103,0.6059,1.3864,0.7364,0.4716,1.6528,1.0747,1,0.1483,0.1115,0.5364,0.7871,0.1115,0.9274,0.5535,0.1774,0.3751,0.1115,0.3808,0.469,0.6376,0.1115,0.2129,0.2061,1.1105,0.8918,0.4375,0.2632,0.8396,0.1742,0.1115,0.1115
3.2406,12.4326,5.1643,4.592,1.7642,2.6971,3.8524,1.62,1.6789,3.4526,1.819,4.2256,1.419,0.9127,1.9844,1.3478,0.1716,1.3409,0.1716,0.5362,2.3971,0.4816,0.7342,1.3408,0.7369,0.4536,1.1281,1.4572,0.5109,1.2153,0.913,0.1716,0.6329,1,0.8188,0.1716,0.1716,0.3893,0.5187,0.1716,0.7384,0.6288,0.1716,0.1716,0.1716,0.1716,0.1866,0.4351,0.1716,0.1908,0.1716,0.2718,0.4468,0.3005,0.1716,0.1716,0.1716,0.1716,0.1716
6.5561,13.4024,11.5054,6.1571,1.5323,1.666,4.5244,2.3567,3.1695,5.9367,2.0752,5.6347,1.8357,1.003,2.0582,0.89,0.8681,1.3691,0.6547,1.5781,3.3042,1.7658,2.1007,1.5018,0.6767,1.4429,1.6481,1.3974,0.9067,0.7401,0.8162,1.2086,0.722,0.9651,0.8902,0.1838,0.1838,0.997,0.8399,0.4304,0.5802,0.6428,0.1838,0.1838,0.1838,0.3689,0.719,0.8523,0.3203,0.4447,0.606,2.9569,0.4249,0.5178,0.3863,0.3075,0.1838,0.1838,0.1838
0.5111,2.856,3.4352,1.1234,0.5111,1.6727,0.9038,1.388,0.9896,1.0104,0.8499,0.5111,0.6887,0.5111,0.5111,0.5111,1.0798,0.5111,0.5111,0.6423,0.5111,0.5111,1.2049,0.5111,0.5111,0.6591,0.5111,1.3514,0.5111,0.5111,0.5111,0.5111,0.5111,0.5111,0.5111,0.5111,0.5111,0.5111,0.5111,0.5111,0.5111,0.5111,0.5111,0.5111,0.5111,0.5111,0.5111,0.6085,0.5111,0.7622,0.5111,0.5111,0.5111,0.5111,0.5111,0.5111,0.5111,0.5111,0.5111
6.6108,13.8044,5.0831,4.8222,2.3465,9.3385,1.2428,1.8322,4.3935,3.9156,1.1071,3.8128,0.6028,0.695,2.8496,2.1532,1.8822,1.4034,0.8382,0.898,13.1767,0.3675,0.9071,1.3262,1.0586,0.304,1,0.767,1.6639,1.4039,1.5121,0.0677,0.6322,0.5587,0.359,0.0713,0.1289,0.9471,2.5011,0.0584,0.2282,0.0984,0.0584,0.0584,0.0584,0.0584,0.063,0.0584,0.3631,1.1529,0.3686,0.4722,0.0952,0.0584,0.0584,0.1602,0.0584,0.0584,0.0584
1.0896,1.0327,1.4905,1.4172,1.3435,0.5035,0.2282,0.2282,0.3829,0.2282,0.2282,0.2282,0.2282,0.2282,1.1425,0.3281,1.6776,0.2282,0.7899,0.7058,0.9673,0.2468,0.9136,0.2282,0.2282,0.2282,1.4704,0.2282,2.5839,0.7925,1.0625,0.2282,0.2282,0.2282,0.2282,0.2282,0.2282,0.2282,0.2282,0.2282,0.2282,0.2282,0.2282,0.2282,0.2282,0.2282,0.2282,0.2282,0.2282,0.2282,0.2282,0.2282,0.2282,0.2282,0.2282,0.2282,0.2282,0.2282,0.2282
3.4967,4.268,4.7111,2.3339,2.834,2.4976,2.5788,1.7343,1.7818,2.2551,1.4012,2.476,1.3471,1.0599,3.0598,1.3772,1.3856,1.0594,1.1964,1.4025,1.8661,1.0386,2.116,1,0.553,1.3869,1.4634,1.576,0.8097,1.0992,1.0802,0.8337,0.8514,0.9641,0.8464,0.2439,0.3293,0.6372,0.5811,0.5485,0.719,0.5343,0.3291,0.6931,0.249,0.6319,0.3766,0.9769,0.3718,0.5622,0.5638,1.4354,0.6667,0.3122,0.434,0.6714,0.3095,0.0961,0.0865
0.0031,0.0031,0.0031,0.0031,0.0031,0.0031,0.0031,0.0031,0.0031,0.0031,0.0031,1.0218,0.0031,0.0031,0.0031,0.9782,0.0031,0.0031,0.0031,0.0031,0.0031,0.0031,0.0031,0.0031,2.4694,0.0031,0.0031,0.0031,0.0031,0.0031,0.0031,0.0031,0.0031,0.0031,0.0031,0.0031,0.0031,0.0031,0.0031,0.0031,0.0031,0.0031,0.0031,0.0031,0.0031,0.0031,0.0031,0.0031,0.0031,0.0031,0.0031,0.0031,0.0031,0.0031,0.0031,0.0031,0.0031,0.0031,0.0031
3.852,3.068,1.6914,0.4992,0.8792,4.6082,0.648,1.2139,0.9426,3.522,3.4761,2.5141,1.831,0.4992,0.4992,0.4992,1.6115,0.4992,0.4992,0.5823,0.4992,0.4992,0.4992,0.7369,0.4992,0.4992,0.4992,0.4992,0.4992,0.4992,0.4992,0.4992,0.4992,0.4992,0.4992,0.4992,0.4992,0.4992,0.4992,1,0.8989,0.4992,0.8166,0.9646,0.4992,0.4992,0.4992,0.9663,0.4992,0.4992,0.4992,1.0717,0.4992,0.4992,0.4992,0.7156,0.4992,0.4992,0.4992
1.66,1.6,1.9225,0.9097,1.2668,0.9413,0.2548,0.2548,0.2548,1.0587,6.329,2.0384,1.5136,0.2548,1.561,0.796,0.2548,0.5686,0.429,0.2548,0.2548,0.2548,0.8048,0.2548,0.2548,0.2548,0.9234,0.2548,0.2548,0.2548,0.5375,0.2548,0.2548,0.2548,0.2548,0.2548,0.2548,0.2548,0.2548,0.2548,1.8323,0.2548,0.2548,0.2548,0.2548,0.2548,0.5164,0.2548,0.5025,0.2548,0.2548,3.7555,0.2548,0.2548,0.2548,1.7885,0.6351,0.2548,0.2548
1.1954,1.5117,2.4819,1.629,1.7524,1.7586,1.7022,1.5344,1.564,1.9001,1.1047,1.1884,0.7828,1.2288,2.1097,1.2737,0.7497,1.5413,0.7438,0.9673,1.4217,1,0.779,1.0086,0.6393,0.8994,1.0419,1.6137,0.9106,1.0329,0.5767,0.7349,0.7923,0.5767,0.6093,0.5767,0.5767,0.7442,0.6468,0.687,0.8499,0.712,0.5767,0.6017,0.5767,0.5767,0.5767,0.5767,0.9797,0.7834,0.5767,1.1556,0.7621,0.6219,0.5767,0.5767,0.5767,0.5767,0.5767
0.6803,1.0391,0.7292,0.2547,0.2547,0.2547,1.1883,0.3797,2.1369,0.9609,0.2547,4.1286,0.2547,0.2547,0.2547,0.6436,0.2547,0.2547,0.2547,0.2547,0.2547,0.2547,0.2547,0.2547,0.2547,0.2547,0.2547,0.2547,1.1299,0.2547,0.2547,0.2547,0.2547,0.2547,0.2547,0.2547,0.2547,0.2547,0.2547,0.2547,0.2547,0.2547,0.2547,0.2547,1.1746,0.2547,0.2547,0.2547,0.2547,0.2547,0.2547,0.2547,0.2547,0.2547,0.2547,0.2547,0.2547,0.2547,0.2547
0.3049,2.8266,3.5307,0.6046,1.3098,2.0123,1.0188,1.1241,1.1565,1.1159,1.9592,0.3049,2.6428,0.7967,2.2128,0.3049,0.9812,0.3382,0.3049,0.3049,0.9371,0.7457,1.8181,0.3049,0.3049,0.3049,0.5191,0.3049,0.3049,1.0886,0.3049,0.4872,0.3049,0.3049,0.3049,0.3049,0.3049,0.7055,0.6503,0.3049,0.7133,0.3049,0.3049,0.3049,0.3049,0.8741,0.3049,0.3049,0.3049,0.3049,0.3049,0.3049,0.3049,0.3049,0.3049,0.3049,0.3049,0.3049,0.3049
2.9533,3.0436,6.0411,2.6021,3.4276,3.1554,3.3477,2.3122,2.2735,2.6536,1.3142,1.9498,2.7946,1.6869,3.563,1.6329,1.3567,0.9145,1.3699,1.2253,1.0395,1.5021,3.7745,0.7791,0.6873,2.922,1.2319,2.6313,0.459,1.8376,0.8061,1,0.9917,0.8409,0.8061,0.5683,0.4093,1.2478,1.0116,0.5735,0.9552,0.6986,0.271,0.584,0.3239,0.8524,0.574,1.2089,0.3996,0.6857,0.4927,0.9962,0.9404,0.3797,0.5061,0.4498,0.4471,0.2252,0.2194
3.9137,7.1006,7.9883,3.8537,2.1943,2.0359,3.052,1.8065,2.5789,3.5909,1.1612,4.421,1.9614,1.4354,2.6503,2.0521,0.7782,1.866,0.7248,1.0473,3.1821,0.9502,1.5921,1.3635,0.8082,0.9178,1.4634,2.1228,0.8407,1.1906,1.2606,0.7682,1.3091,1.0537,0.8256,0.4869,0.4703,0.9962,1.1333,0.1687,1,0.7043,0.2182,0.5357,0.7701,0.3862,0.5869,0.9075,0.4598,0.6282,0.5884,2.0944,0.6696,0.5046,0.4619,0.627,0.4605,0.0063,0.0112
1.2903,3.3853,5.1263,2.2183,2.524,3.0756,1.9223,1.5893,2.0363,2.5892,1.2984,1.9117,2.2176,1.1912,2.734,1.4541,0.9181,1.7368,0.7505,1.0385,1.8074,1.1176,1.8275,1.0189,0.6191,1,1.1375,2.2947,0.3939,0.9981,0.9375,0.803,0.8835,0.6981,0.6859,0.3675,0.4348,1.1607,1.2175,0.2905,1.4243,0.9534,0.2113,0.5488,0.3753,0.5061,0.644,0.9868,0.4676,0.7988,0.5231,2.1813,0.7653,0.3642,0.4975,0.7523,0.4778,0.2113,0.2113
1.7537,1.1856,1.5827,1.1966,1.8962,1.5321,0.6378,0.3474,0.3474,0.3474,1.0577,0.4439,1.0812,0.9425,1.758,0.3474,0.3474,1,1.5531,0.9126,0.3474,0.3474,0.9585,0.6758,0.3474,1.0022,0.7409,10.94,0.3474,0.3474,0.3474,0.3474,0.3474,0.3474,0.3474,0.3474,0.3474,0.3474,0.3474,0.7163,0.7976,0.3474,0.3474,0.5543,0.3474,0.3474,0.3474,1.5117,0.3474,0.4156,0.3474,0.3474,0.3474,0.3474,0.42,0.3474,0.3474,1.3681,0.9382
2.4558,9.1313,11.3341,4.7866,1.9007,3.1627,4.0852,1.9776,4.3979,7.5263,3.2691,4.24,2.8801,0.5531,1.3821,1.371,0.2707,1.5313,0.3378,0.4403,2.5097,0.4216,1.0358,1.6518,0.4366,0.3716,0.7382,1.6637,0.2512,0.5297,0.2042,0.445,1.0146,0.7289,0.9184,0.9576,1.0472,1.2011,1.5303,0.0918,1.3005,1.174,0.0918,0.711,0.5068,0.1854,0.8113,0.5641,0.4889,1.5362,0.7802,1.6522,0.9854,0.657,0.7531,0.3796,0.6008,0.0918,0.0918
0.9796,3.7391,1.7115,0.9015,1.7211,4.1999,1.6113,2.366,3.1502,3.4144,2.3554,3.9895,0.9411,0.7353,1.7374,2.2404,1,2.3917,0.5989,0.8388,4.5379,0.8624,0.1344,3.2604,0.8697,0.4953,1.0302,0.1788,1.0759,0.4851,1.0149,0.2267,0.3259,0.3721,0.0912,0.0912,0.0912,0.4095,0.5224,0.0912,0.0912,0.0912,0.0912,0.0912,0.0912,0.0912,0.0912,0.0912,0.0912,0.0912,0.0912,0.0912,0.0912,0.0912,0.0912,0.0912,0.0912,0.0912,0.0912
4.3143,2.135,2.9385,1.7644,1.0503,2.6464,1.9302,0.9676,1.5677,1.5882,2.063,7.3696,1.7124,1,1.3825,1.0404,3.126,1.7536,1.0837,0.8035,1.1587,0.9298,1.5562,0.7964,0.7972,1.3987,1.1477,2.3052,0.736,0.9403,0.7099,0.9365,0.9836,0.9149,1.1409,0.9146,0.9433,1.004,1.0769,0.9134,0.9782,0.8403,0.9042,1.2486,0.7078,0.931,0.779,1.2641,0.9244,0.8232,0.8662,2.0227,1.5277,0.8403,0.8288,0.8168,0.9367,0.6676,0.3544
2.4423,3.6086,3.7463,1.3779,3.1363,2.3861,1.4055,1.0562,1.1703,1.8096,1.3871,1.0791,1.6359,1.4018,2.9409,1.8039,0.6531,0.7022,0.581,0.6023,3.0415,0.4804,2.0961,0.8723,0.4234,0.5073,1.4199,2.6983,0.3401,1.4924,0.7621,0.3412,1.3029,1.3697,0.9438,0.2881,0.3594,0.7399,0.7499,0.1345,1.1674,0.6741,0.1345,0.2634,0.1345,0.176,0.1345,0.4628,0.1345,0.1736,0.1345,1.9542,0.4382,0.1808,0.1345,0.262,0.1345,0.1345,0.1345
1.0699,2.3485,4.8831,0.9414,1.4505,3.4792,1.8434,1.157,3.3526,2.7318,1.1604,3.576,1.6176,1.1964,1.6522,1.8847,0.7339,1.5587,0.5532,0.6533,3.6551,0.4985,0.7724,1.142,0.6181,0.506,1.1673,1.1371,0.6002,0.5989,1,0.2125,0.6978,0.5677,0.2697,0.2125,0.2125,0.2125,0.503,0.2125,0.6264,0.3978,0.2125,0.2125,0.2125,0.2125,0.2127,0.3897,0.2125,0.2391,0.2125,1.6681,0.5504,0.2125,0.2125,0.2125,0.2125,0.2125,0.2125
3.56,7.9453,4.3071,4.0541,2.4305,1.2623,2.982,1,3.3915,2.6164,0.4445,4.0027,0.6545,2.0956,2.489,1.1515,0.7034,0.7967,0.638,1.1792,2.761,1.2469,3.876,2.6604,0.6394,0.9079,2.8487,1.3303,2.8414,1.9539,2.1782,0.3987,2.7625,3.0047,2.1387,0.1396,0.2006,0.6235,0.471,0.2714,0.8312,0.2991,0.1396,0.2822,0.1396,0.1618,0.2098,0.5742,0.1396,0.1458,0.2026,0.1966,0.1848,0.1396,0.3572,0.3647,0.3254,0.1396,0.1396
2.8868,6.112,2.9337,1.4525,0.8714,1.3523,0.9678,0.5841,1.7477,2.3953,1.166,5.0515,0.2708,1.1437,1.3647,1.1671,0.2708,0.5496,0.2708,0.2708,0.9975,0.2708,1.0043,0.6616,0.4967,1.3977,0.9356,0.6684,0.7996,0.461,0.3848,0.2708,0.4116,0.2708,0.2708,0.2708,0.2708,0.2708,0.2708,0.2708,0.5829,0.2708,0.2708,0.2708,0.2708,0.2708,0.2708,0.2708,0.2708,0.2708,0.2708,1,0.2708,0.2708,0.2708,1.0475,0.2708,0.2708,0.2708
1.6296,3.0162,4.7536,1.5558,1.8839,4.9278,2.3892,1.5387,3.7338,3.1875,1.6048,4.216,1.5039,1.6626,2.1227,2.3277,0.9386,1.7615,0.9525,0.8284,5.2559,0.753,1.457,1.5736,1.0842,0.8361,1.4381,1.4948,1,1.0074,1.5492,0.402,1.4224,1.4123,0.9522,0.1628,0.4009,0.6973,0.9333,0.1586,0.9632,0.6703,0.1407,0.4322,0.2667,0.2393,0.4573,0.6283,0.3474,0.6525,0.3674,1.3901,0.7208,0.4219,0.2895,0.4661,0.2788,0.1407,0.1407
1.6999,3.3044,3.3689,2.0797,1.5392,3.1117,1.8727,2.0757,2.3,3.3352,2.2645,2.6469,1.774,1.0221,1.918,1.6471,1.2226,1.6996,0.8767,0.9891,1.9945,0.6425,0.8148,1.1183,0.9496,0.7226,1.1617,1.2777,0.7979,0.7857,1.1456,0.7184,0.7379,0.4558,0.5595,0.5821,0.8224,1.3803,1.7528,0.4105,1.3872,0.7606,0.347,0.59,0.6841,0.3606,0.8942,1.0309,0.6837,0.8607,0.9019,1.6217,1.0109,0.5863,0.6038,0.6843,0.635,0.1111,0.1111
0.2336,0.499,1.5997,0.2336,1.3147,2.6586,0.5665,1.0182,1.2476,1.7681,2.2925,2.0195,2.3272,0.4676,1.5881,12.3454,0.2336,2.0138,0.9165,0.6747,0.9322,1.5696,0.2336,0.5445,0.7345,0.749,1.4159,2.6596,0.5878,1.1889,1,0.2336,0.9945,0.2336,0.5758,0.2336,0.2336,0.5546,1.1094,0.2336,3.1531,0.8652,0.6745,0.4727,0.2336,0.5202,0.4102,0.2336,0.2336,0.2336,0.4539,5.8324,1.0907,0.2336,0.2336,2.1313,0.3599,0.2336,0.2336
8.3476,3.9499,1.1157,2.1904,2.1218,6.9942,1.8062,1.3338,6.1381,2.7797,2.7436,16.2204,1.3431,1.0277,2.6052,5.3639,0.1204,1.6135,0.3735,0.5206,2.7033,0.3277,1.1924,0.5142,1.0518,0.6316,2.2167,3.7363,1.2107,2.509,0.4253,0.1661,2.5826,0.4827,0.9723,0.2032,0.0289,0.5167,0.2366,0.0289,1.7962,0.2725,0.2742,0.2162,0.0379,0.5593,0.3776,0.3524,0.1129,0.0561,0.229,4.1582,1.229,0.5081,0.2569,0.803,0.1217,0.0289,0.0289
1.6588,6.7365,4.8093,5.0776,3.3465,1.0325,3.9984,1.6308,1.9698,3.4323,1.5889,3.1361,1.4879,1.055,4.3803,3.5894,0.3028,1.6034,0.7768,1.0427,3.6896,1.2789,1.0562,1.7721,1.4052,0.9311,1.9926,1.9537,1.1441,0.757,1.5789,0.4547,0.8605,1.5925,0.9636,0.2615,0.1564,0.8958,0.9227,0.0843,0.6188,0.535,0.0843,0.2897,0.0873,0.2736,0.5856,0.7584,0.1963,0.7175,0.3274,0.4619,0.6768,0.9675,0.3548,0.3534,0.2193,0.0843,0.0843
0.2517,0.6068,133.2527,24.0394,9.217,24.7689,0.2517,0.2517,0.7766,36.3593,0.2517,0.2517,112.0206,0.3923,12.4914,0.2517,0.2517,0.2517,0.2517,0.2517,0.2517,0.2517,0.4422,0.2517,0.2517,0.2517,0.504,9.0668,0.2517,0.5003,1.2487,0.7742,0.539,0.2679,0.7601,0.2517,0.2517,0.2517,11.8287,0.3181,1.5767,0.2517,0.2517,0.2517,0.2517,0.2517,0.2517,0.2517,0.2517,0.2517,0.2517,1.2234,24.767,0.2517,0.2517,0.6268,0.2517,0.2517,0.2517
0.7635,0.7635,0.7635,0.7635,0.7635,0.7635,0.7635,0.7635,0.7635,0.7635,0.7635,0.7635,0.7635,0.7635,0.7635,0.7635,0.7635,0.7635,0.7635,0.7635,0.7635,0.7635,0.7635,0.7635,0.7635,0.7635,1.2365,0.7635,0.7635,0.7635,0.7635,0.7635,0.7635,0.7635,0.7635,0.7635,0.7635,0.7635,0.7635,0.7635,0.7635,0.7635,0.7635,0.7635,0.7635,0.7635,0.7635,0.7635,0.7635,0.7635,0.7635,0.7635,0.7635,0.7635,0.7635,0.7635,0.7635,0.7635,0.7635
0.3417,0.947,0.5548,0.7236,1.1517,0.3417,0.9595,0.4723,1.0325,0.9482,0.8934,1.1189,1.3941,0.3417,1.2678,2.0436,1.1877,0.3417,0.3417,0.3417,0.3417,1.7522,0.6073,0.3417,0.3417,1.4361,0.7378,2.2029,0.3417,0.3417,0.3417,0.9909,1.418,1.2738,1.1912,1.4131,0.3417,1.5776,1.8911,0.665,1.1823,0.7004,0.3417,0.4987,0.4432,2.0713,0.6896,1.1021,0.3417,0.892,1,0.8416,1.372,0.3417,0.3417,0.5302,0.5781,0.3417,0.3417
1.292,1.8989,2.2511,1.4897,1.7899,1.7085,1.2864,1.1856,1.4932,1.3845,1.0512,1.551,1.4796,1.1222,1.365,1.1885,0.9773,1.1043,0.9992,0.9897,1.2999,0.9846,1.5344,0.9343,0.8275,1.2324,0.8916,1.326,1.0365,1.042,0.8283,1.0447,1,0.9935,0.8535,0.9959,0.8453,1.0347,1.0093,0.8609,1.0454,0.9387,0.7596,0.9921,1.3746,0.9703,0.9116,0.8461,0.7976,0.9568,0.8196,1.588,0.9925,0.9334,0.9496,0.8328,0.7628,0.7606,0.7155
1.1272,2.451,1.9396,1.0225,1.3008,1.0329,2.0743,0.8485,0.9152,1.8645,0.3857,2.0335,0.3857,0.7993,0.6629,0.3857,0.3857,0.3857,0.4412,0.9126,1.1603,0.3857,0.3857,0.3857,0.3857,0.3857,1.2548,0.3857,0.7907,0.3857,0.3857,0.3857,0.3857,0.7177,0.747,0.3857,0.3857,0.3857,0.3857,0.5995,0.3857,0.3857,1.0161,0.3857,0.3857,0.3857,0.3857,0.9839,0.3857,0.3857,0.3857,1.1603,0.3857,0.3857,0.3857,0.3857,0.6304,0.3857,0.3857
1,3.7499,0.717,0.4326,0.4326,0.4326,1.572,0.4442,1.5706,0.8936,1.0723,3.8557,0.5011,0.4326,0.4326,0.4326,0.4326,0.4326,0.4326,0.4326,0.4326,0.4326,0.4326,0.4326,0.4326,0.4326,0.4326,0.4326,0.4326,0.4326,0.4326,0.4326,0.4326,0.4326,0.4326,0.4326,0.4326,0.4326,0.4326,0.4326,0.4326,0.4326,0.4326,0.4326,0.4326,0.4326,0.4326,0.4326,0.4326,0.4326,0.4326,0.4326,0.4326,0.4326,0.4326,0.4326,0.4326,0.4326,0.4326
3.2497,10.1996,9.535,3.0252,1.123,5.8692,5.0682,3.4822,6.4944,7.8372,3.641,8.2168,4.1623,0.7161,1.0804,1.6868,0.4394,2.5262,0.3895,1.085,1.8851,0.9121,0.6177,2.9711,0.9196,1.5194,0.8381,2.0219,0.3642,0.3292,0.4742,0.1315,0.0991,0.2673,0.2322,0.0991,0.0991,0.3834,0.5743,0.0991,0.2393,0.2914,0.0991,0.0991,0.0991,0.0991,0.0991,0.1233,0.0991,0.2953,0.0991,2.0628,0.5853,0.1015,0.0991,0.0991,0.0991,0.0991,0.0991
24.4579,29.2246,15.8888,3.7942,1.4255,3.5087,2.6319,2.3123,7.2559,4.7967,1.7066,37.902,4.7531,0.8372,1.755,3.5916,0.8399,2.024,0.4441,1.462,1.5935,0.6766,1.0769,1.2802,0.6347,0.6316,1.7618,4.9458,0.7719,1.086,0.6864,0.4985,2.004,0.6943,1.025,1.3132,0.2404,0.841,0.7542,0.2741,1.8908,0.975,0.2347,0.6527,0.2729,0.6249,0.7156,0.6543,0.7559,0.626,0.6979,12.3682,1.8788,0.3673,0.361,0.8785,0.3557,0.0614,0.0614
1.3123,2.2094,2.6509,0.3035,0.5344,1.276,1.5457,0.6845,0.8534,1.6024,0.3035,1.1466,0.3035,0.3035,0.3035,0.3035,0.611,0.3035,0.3035,0.3035,0.3035,0.7781,0.3035,0.3035,0.3035,0.3035,0.3035,1.2113,0.3035,0.3667,0.3035,0.3035,0.3035,0.3035,0.3035,0.3035,0.3035,0.3035,0.3035,0.3035,0.3035,0.3035,0.3035,0.3035,0.3035,0.3035,0.3035,0.3035,0.3035,0.3035,0.3035,0.6603,0.3035,0.3035,0.3035,0.3035,0.3035,0.3035,0.3035
1.3937,0.4882,0.9579,0.4882,0.4882,1.3146,0.4882,0.4932,4.1632,0.4882,1.1369,0.8758,1.0421,0.4882,0.4882,1.8476,0.4882,0.821,0.4882,0.4882,0.4882,2.2412,0.6006,0.5515,0.4882,0.8397,0.6641,1.4981,0.4882,0.4882,0.4882,0.4882,0.4882,0.4882,0.4882,0.4882,0.4882,0.4882,0.4882,0.4882,0.4882,0.4882,0.4882,0.4882,0.4882,0.4882,0.4882,0.4882,0.4882,0.4882,0.4882,8.0979,0.4882,0.4882,0.4882,0.4882,0.4882,0.4882,0.4882
4.0077,4.1529,2.1905,1.9911,1.9021,3.8614,2.0124,1.4854,3.1735,2.6612,1.8002,5.0051,1.8942,1.0936,2.1822,3.1588,0.2593,2.2026,0.4759,0.7702,1.3943,0.5489,1.3645,0.8523,0.319,0.9362,1.2945,3.4182,0.5398,1.6549,0.4868,0.2461,1.8442,1.0067,1.3588,0.394,0.0513,0.784,0.5651,0.0154,1.4134,0.6778,0.2625,0.3611,0.0645,0.4492,0.4733,0.7792,0.2868,0.1885,0.4427,2.3275,1.4418,0.2368,0.3735,1,0.2734,0.0154,0.0154
1.7499,3.1882,5.6522,1.5446,1.5358,2.0688,1.4173,1.1448,3.0359,1.7489,1,2.9603,1.4175,0.9937,1.6188,1.3021,1.1664,1.0306,0.9008,0.9509,1.4996,1.1601,1.4955,0.928,0.8458,1.1636,1.1892,1.3405,0.9615,1.0497,0.8811,0.9888,1.1025,0.8584,0.9096,0.855,0.5993,1.0533,0.9661,0.8083,0.9922,1.0713,0.6068,0.9411,1.2537,0.8591,0.7375,0.9587,0.99,0.9311,0.9415,2.3533,1.0972,0.8117,0.7637,0.8004,0.8969,0.478,0.4558
0.5889,0.7265,2.3263,1.0507,1.4637,1.8667,0.2901,0.6888,0.8357,1,0.2901,1.2396,0.2901,0.2901,1.4431,1.2485,0.6912,0.2901,0.759,0.2901,0.9338,0.2901,0.2901,0.2901,0.2901,0.7927,0.2901,1.2292,0.2901,0.2901,0.2901,0.2901,0.2901,0.2901,0.2901,0.2901,0.2901,0.6004,0.2901,0.2901,0.2901,0.2901,0.2901,0.2901,1.2308,0.2901,0.2901,0.2901,0.2901,0.2901,0.2901,1.2667,0.2901,0.2901,0.2901,0.2901,0.2901,0.2901,0.2901
3.1554,3.4427,3.2407,2.3834,3.0569,3.0596,2.8134,1.4765,1.2864,1.955,1.5698,2.4273,1.2775,1.2135,2.9501,1.5422,0.9908,0.9803,1.9209,1.1098,1.3745,0.7184,2.0776,1.4724,0.6741,1.4449,1.4703,1.4152,0.9558,1,0.5524,1.0624,0.9184,0.5848,0.7426,0.7023,1.1393,1.7045,0.4113,0.6703,0.7595,0.5376,0.3466,0.549,0.2677,0.529,0.3614,2.8782,0.408,0.9793,0.5996,1.9727,0.758,0.4526,0.4084,0.4571,0.3759,0.2319,0.2599
0.2425,0.2425,0.2425,0.2425,0.2425,1.5951,0.2425,0.2425,0.2572,0.399,0.2425,1.935,0.8864,0.2425,0.2425,5.1511,0.2425,0.6573,0.2425,0.2425,0.2425,0.2425,0.2425,0.2425,0.2425,0.2425,0.2425,0.7003,0.2425,0.9456,0.2425,0.2425,0.2425,0.2425,0.2425,0.2425,0.2425,0.2425,1.0544,0.2425,1.4027,0.2425,1.352,1.3856,0.2425,0.4901,0.2425,0.2425,0.2425,0.2425,0.2425,3.704,1.0917,0.2425,0.2425,0.5858,0.2425,0.2425,0.2425
0.5521,0.5521,1.0308,0.5521,1.5703,0.5521,1.7336,0.7516,0.6464,0.5521,0.5521,0.5521,0.5521,0.5521,1.8111,0.7333,0.6011,0.5521,0.7693,2.0931,0.5521,0.5521,0.9692,0.5521,1.1461,0.5521,1.1715,0.5521,0.5521,1.9543,0.8445,0.5521,0.5521,0.5521,0.5521,0.5521,0.5521,0.5521,0.5521,0.5521,0.5521,0.5521,0.5521,0.5521,0.5521,0.5521,0.5521,0.5521,0.5521,0.5521,0.5521,0.5521,0.5521,0.5521,0.5521,0.5521,0.5521,0.5521,0.5521
2.4126,4.3394,7.4824,2.2931,1.7912,2.5712,1.9068,1.3078,5.0525,2.5787,1.0362,5.142,1.8731,0.9737,1.969,1.8801,1.1464,0.879,0.8769,1.0065,1.7157,0.9076,1.7751,0.92,0.9201,1.0431,1.1927,1.6529,1.3635,1.2842,0.7944,1.0866,1,0.7726,0.8335,0.8673,0.6392,1.0962,0.9795,0.4829,0.8724,0.7092,0.5252,0.807,1.0581,0.61,0.9843,0.777,0.9976,0.8698,0.8214,3.6216,1.3155,0.6367,0.6954,0.7059,0.8275,0.3292,0.2837
0.8353,0.7056,0.4906,0.2258,1.4972,1.8815,0.8159,1.0756,0.9996,1.4868,1.4555,1.1321,1.4884,1.5412,1.6209,2.1367,2.6366,4.488,1.1392,1.3264,2.1485,1.5175,0.0937,0.6311,1.0578,1.4392,1.9882,2.5973,1.3911,1.4564,1,1.2143,1.1219,0.4562,0.2256,0.6799,0.5035,1.2188,0.3322,0.1705,1.3256,0.6031,3.8692,0.7662,0.6594,0.3279,0.8917,0.7015,0.8953,0.7908,0.8788,2.8728,1.0791,0.9877,0.4067,0.9233,0.2585,0.0024,0.2385
0.9493,1.8026,1.643,0.5987,2.1252,1.0161,1.5905,1,2.5084,1.1504,0.1665,0.9521,0.6665,1.0849,1.9498,1.6639,0.6658,0.6937,0.1427,1.3349,3.5752,0.1427,0.96,0.1427,1.279,0.6533,1.3586,1.2397,0.1427,2.3972,0.1427,0.1427,0.5681,0.1427,0.2349,0.1427,0.1427,0.1427,0.2193,0.1427,0.1427,0.1427,0.1427,0.1427,0.1427,0.2366,0.1427,0.2574,0.1427,0.1427,0.1427,0.1427,0.1427,0.1427,0.1427,0.1427,0.7619,0.1427,0.1427
2.9247,4.4006,7.0068,2.2008,2.672,2.9682,2.0538,1.6447,3.6392,2.0544,1.4765,3.1134,2.3086,1.1805,2.9067,1.8195,1.3339,1.4172,1.128,0.8257,1.8324,1.093,2.0472,0.9598,0.6757,1.3583,1.1841,2.1156,0.7556,1.2936,0.8473,0.9926,0.9727,0.9233,0.6782,0.8556,0.629,1.0711,1.1651,0.4192,0.9429,0.7549,0.4024,0.8093,0.8596,0.6476,0.6207,0.6878,0.7845,1,0.9466,3.1434,0.8503,0.3698,0.5926,0.701,0.4429,0.1991,0.1549
2.6557,6.052,7.3155,3.1901,1.4041,3.7386,2.5215,2.2525,3.0727,3.1346,1.3284,4.4795,1.4494,0.84,2.5434,2.3129,0.9741,2.5732,0.7608,0.9865,2.3323,1.0364,1.1131,1.6853,0.6029,0.9858,1.8319,2.3063,1.309,0.6797,0.9413,0.4984,1.2533,0.8679,0.7138,0.0152,0.3496,0.6698,1.4061,0.2531,1.5582,1.0135,0.5332,0.578,0.7039,0.3272,0.4367,0.7797,0.5597,0.5922,0.476,2.0042,1.5348,0.0152,0.2773,0.6256,0.6444,0.1467,0.0517
2.6855,0.7272,0.6239,2.0248,2.8333,0.4671,0.4774,0.387,0.3407,0.3551,0.5778,0.5496,0.5693,0.5522,3.348,0.491,0.6729,0.5102,0.3911,0.4443,0.3459,0.4628,0.3555,0.3222,0.3184,0.4286,0.3614,0.8371,0.4123,0.3441,0.3139,0.9329,1.9906,2.1866,2.2419,2.5379,2.5786,2.4086,2.2921,2.5334,2.4875,1.9517,2.0393,2.1566,2.2462,2.2285,1.6162,2.545,3.3,2.231,1.8657,2.9758,2.2627,1.844,1.9485,1.9434,2.059,1,0.7206
11.3013,2.34,3.0091,2.1909,3.484,2.077,1.4381,1.5188,2.1622,2.2063,1.8293,3.0237,2.0872,1.7017,3.6044,2.313,0.1571,3.2994,0.4593,0.7512,1.9008,0.644,1,1.4764,0.5537,1.3258,0.9949,2.0662,0.8077,1.2423,0.7959,0.4334,1.1717,0.5785,0.5316,0.4407,0.1571,0.5447,0.5275,0.263,1.5895,2.0356,0.5235,1.7062,0.2961,0.2106,0.3135,0.6142,0.2129,0.2534,0.4442,2.207,0.5892,0.2204,0.1713,0.6454,0.1571,0.1571,0.1571
5.2681,1.483,1.6717,0.5872,2.5399,0.8824,0.463,0.3751,1.1458,1,0.3693,1.6412,1.0076,0.3693,2.9034,1.131,0.3693,2.1871,0.3693,0.3693,1.0855,0.3693,0.4311,0.3693,0.3693,0.3693,0.8112,1.1514,0.9432,1.0324,0.4135,0.3693,0.8419,0.9931,0.6708,0.3693,0.3693,0.3693,0.3693,0.3693,0.4285,0.3693,0.3693,0.3693,0.3693,0.3693,0.3693,0.3693,0.3693,0.3693,0.3693,0.3693,0.3693,0.3693,0.3693,0.3693,0.3693,0.3693,0.3693
2.1729,1.169,1.0903,0.897,2.041,1.3007,47.9394,1.0824,42.7921,1.3698,1.7286,1.5385,1.4938,0.6312,1.6784,0.8902,0.872,1.1939,0.6684,0.7734,0.7574,0.7275,0.997,0.8816,0.4694,1.4386,0.8484,1.067,38.4876,1.096,0.7004,0.631,0.8984,0.4919,0.5056,0.7586,3.8314,1.4091,1.1497,1.5789,13.2999,3.8583,0.8206,1.3866,0.6407,0.8729,0.7164,0.8603,0.5057,0.6663,0.5205,1.4178,0.8781,1.003,0.4694,1.0934,0.5809,0.5194,2.0834
2.8823,0.5267,0.5267,0.5267,0.5267,0.5267,0.5267,0.5267,0.5267,1,0.5267,0.5267,0.5267,0.5267,0.5267,0.5267,0.5267,0.5267,0.5267,0.5267,0.5267,0.5267,0.5267,0.5267,0.5267,0.5267,0.5267,0.5267,0.5267,0.5267,0.5267,0.5267,0.5267,0.5267,0.5267,0.5267,0.5267,0.5267,0.5267,0.5267,0.5267,0.5267,0.5267,0.5267,0.5267,0.5267,0.5267,0.5267,0.5267,0.5267,0.5267,1.9368,0.7842,0.5267,0.5267,0.5267,0.5267,0.5267,0.5267
0.4908,0.1918,1.0534,0.3376,0.6799,0.8297,0.489,0.1918,1.3571,0.5702,0.4163,2.1359,0.4416,0.1918,0.492,1.2487,0.52,0.33,0.1918,0.4733,0.3311,0.1918,0.7637,0.1918,0.1918,0.3502,0.1918,0.6323,0.5045,0.5586,0.1918,1.4809,0.776,0.8538,1,3.1335,0.9735,2.0718,1.5575,0.863,2.5516,1.9102,1.2212,2.333,3.782,1.4177,1.5302,1.4443,2.4963,1.7977,1.9198,7.9396,2.4074,1.9646,1.3431,0.9289,1.2352,0.1918,0.1918
0.0804,0.0204,0.0204,0.0204,0.9232,3.2199,0.1112,0.4241,0.0204,0.9379,10.9568,0.0288,4.6765,5.1406,1.1444,8.075,2.7326,95.2453,1.4487,0.2928,1.0805,0.7415,0.0204,0.5898,0.8915,2.4088,0.6411,10.4779,1.2116,0.7904,0.3403,2.8164,0.2437,0.0749,0.0435,4.0883,0.5909,0.9046,0.2385,0.2785,1.9395,0.5914,122.3703,1.0621,1.5151,0.3633,1.175,0.6248,1.2187,1.2661,1.3318,25.5725,3.4257,1.6397,0.1039,2.4746,0.1054,0.0204,0.3425
3.3627,6.377,3.4608,2.8623,2.0117,2.2645,2.4495,2.2922,2.968,2.0316,0.6484,2.2882,1.0026,0.7887,2.1311,1.1097,1.9835,0.8569,2.3368,3.1478,1.5591,2.807,0.804,0.9047,0.4096,1.1016,1.9963,1.8666,1.53,1.4904,1.4367,1.4388,1,0.7869,0.5623,0.5098,0.2384,0.827,0.6048,0.1985,0.5,0.3745,0.1718,0.24,0.1718,0.3174,0.3752,0.5265,0.3308,0.5661,0.4969,1.2909,0.4662,0.1718,0.4804,0.6095,0.3468,0.1718,0.1718
2.1792,2.4692,0.9265,4.3997,11.1212,1.2528,0.6591,0.5055,0.738,0.9393,0.8948,0.5055,1.5053,1.5199,10.5202,1.9357,0.8857,0.956,0.7813,1.4149,0.5055,1.2432,1.6225,0.9662,0.5055,1.0902,1.3166,0.5055,0.5055,0.5055,0.5055,0.5793,0.5055,1.5022,0.5516,0.5055,0.9187,1.0166,1,0.5055,0.5055,1.6238,0.8461,0.6226,0.5055,0.5055,0.9455,1.0963,0.5055,0.718,0.525,1.1055,0.5055,0.5055,0.9583,0.5055,0.5055,1.6478,0.8565
20.2482,0.3128,0.3128,0.3128,0.3128,0.3128,0.3128,0.3128,0.3128,0.3128,0.3128,0.3128,0.3128,0.3128,0.3128,0.3128,0.3128,0.3128,0.3128,0.3128,0.3128,0.3128,0.3128,0.3128,0.3128,0.3128,0.3128,0.3128,0.3128,0.3128,0.3128,0.3128,0.3128,0.3128,0.3128,0.3128,0.3128,0.3128,0.3128,0.3128,0.3128,0.3128,0.3128,0.3128,0.3128,0.3128,0.3128,0.3128,0.3128,0.3128,0.3128,1.6246,0.9359,1,0.3128,0.3128,0.3128,0.3128,0.3128
1.7862,0.2138,0.2138,0.2138,0.2138,0.2138,0.2138,0.2138,0.2138,0.2138,0.2138,0.2138,0.2138,0.2138,0.2138,0.2138,0.2138,0.2138,0.2138,0.2138,0.2138,0.2138,0.2138,0.2138,0.2138,0.2138,0.2138,0.2138,0.2138,0.2138,0.2138,0.2138,0.2138,0.2138,0.2138,0.2138,0.2138,0.2138,0.2138,0.2138,0.2138,0.2138,0.2138,0.2138,0.2138,0.2138,0.2138,0.2138,0.2138,0.2138,0.2138,0.2138,0.2138,0.2138,0.2138,0.2138,0.2138,0.2138,0.2138
0.7209,1.5543,3.2911,1.6501,1.8811,2.0416,1.4353,1.1143,1.0818,1.8877,1.1568,1.672,1.2455,0.9773,2.0592,1.7115,1.1418,2.1464,1.0053,0.9372,3.3936,0.624,1.1126,0.7484,0.7704,1.1013,1.5234,2.0803,1.3399,0.7728,1.105,0.6393,0.7155,0.6578,0.5323,0.3564,0.7837,1.0624,1.5908,0.2713,1.2927,0.8321,0.1715,0.5639,0.2634,0.3959,0.6904,0.7487,0.4356,1,0.5749,1.6966,0.9102,0.4769,0.3851,0.8962,0.5066,0.1715,0.1715
1.4901,3.3615,2.9524,2.7343,4.0298,2.9266,0.8159,3.8829,2.736,1.5705,2.0392,1.6331,2.2309,1.238,5.0064,0.9192,2.4395,0.8769,1.4617,1.9367,5.4094,1.4461,1.6009,0.3243,0.9692,1.3786,2.0401,3.7715,0.5298,3.2027,0.9491,1.2882,1.1696,0.983,1,0.3846,0.2689,0.8427,0.4681,0.345,0.7013,0.6159,0.1542,0.7482,0.2408,0.5484,0.362,0.3599,0.4245,0.704,0.5203,0.7842,0.4003,0.1103,1.3659,1.2506,0.6018,0.1103,0.1103
0.6396,3.7198,6.877,0.9231,0.9364,0.8048,1,0.6396,3.1027,0.744,0.6396,1.6995,1.5451,0.6396,0.9864,0.6396,0.6396,0.6396,0.6396,0.6396,0.6396,0.6396,1.392,0.6396,0.6396,0.6397,0.6396,0.6396,0.6396,0.6396,0.6396,0.6396,0.6396,0.6396,0.6396,0.6396,0.6396,0.6396,0.6396,0.6396,0.6396,0.6396,0.6396,0.6396,0.6396,0.6396,0.6396,0.6396,0.6396,0.6396,0.6396,1.2487,0.6396,0.6396,0.6396,0.6396,0.6396,0.6396,0.6396
2.1841,3.9111,3.5753,2.3269,1.7635,0.7479,2.0153,1.5215,1.9924,1.4097,0.4561,2.6425,0.3142,0.7322,1.913,0.9818,1.0035,0.6978,1.1875,1.1169,1.233,1,1.1817,1.164,0.5877,1.376,1.2849,0.9013,0.6941,0.7705,0.7477,0.3142,0.581,0.3142,0.5148,0.3142,0.3142,0.3142,0.3142,0.3142,0.5251,0.3142,0.3142,0.3142,0.3142,0.3142,0.3142,0.3142,0.3593,0.3503,0.3142,0.7331,0.3935,0.3142,0.3142,0.4696,0.3142,0.3142,0.3142
5.7506,10.7385,6.2801,5.6736,1.1144,1.7367,6.3397,2.2317,3.2547,4.4802,1.3153,5.418,1.0356,1.2471,1.2364,0.9767,0.5772,1.1923,0.544,1.0711,1.5079,1.0029,1.9082,2.3366,0.3883,1.1553,1.1953,1.062,0.9808,1.0104,1.112,0.3597,1.0013,1,0.7194,0.1578,0.2024,0.5655,0.4532,0.21,0.4583,0.2981,0.1264,0.2363,0.1264,0.2364,0.1734,0.5343,0.1264,0.1874,0.2335,0.6889,0.324,0.2958,0.3948,0.618,0.3138,0.1264,0.1264
2.3085,3.9135,3.0634,1.1853,1.4854,2.0548,1.7959,1.5245,2.5804,3.0133,3.5395,8.5255,2.4119,1.1046,1.758,6.5646,0.6261,2.012,0.8761,0.8656,2.0342,1.0922,0.994,0.6334,0.8999,0.5914,0.899,2.388,1,0.9223,0.5748,0.2368,0.7994,0.4442,0.2368,0.5508,0.3443,0.8408,0.9081,0.2368,1.2965,0.685,0.4518,0.9797,0.427,0.7806,1.6923,1.0953,0.2368,0.2368,0.2368,3.7581,0.6153,0.2368,0.2634,3.8374,0.3474,0.2368,0.2368
3.729,5.4673,4.1481,3.0906,2.4585,0.4244,0.4244,1.2404,0.6591,0.5171,2.3659,0.4244,0.4244,0.4244,2.0148,0.4244,0.4244,0.4244,0.4244,0.6833,1.4937,0.4244,1.2266,1,0.4244,0.8618,0.6207,0.8946,0.4244,0.8197,0.4244,0.4244,0.4244,0.5544,0.4244,0.4244,0.4244,0.4244,0.4244,0.4244,0.4244,0.4244,0.4244,0.4244,0.4244,0.4244,0.4244,0.4244,0.4244,0.4244,0.4244,0.9153,0.4244,0.4244,0.4244,0.4244,0.4244,0.4244,0.4244
1.6523,1.166,1,0.2079,1.1628,1.6939,1.323,2.0869,0.8034,0.2079,0.2079,1.7313,0.812,1.7845,0.9328,0.2079,0.9606,1.2893,0.2079,0.2079,0.2079,1.5466,0.6863,0.2079,0.8908,0.2079,0.2079,0.2079,0.2079,0.4353,0.2079,0.2079,0.2079,0.6473,0.2079,0.2079,0.2079,0.7199,1.5623,0.2079,1.0851,0.2079,0.2079,0.5582,0.2079,0.2079,0.2079,0.6159,1.3119,0.5889,0.2079,1.0425,0.2079,0.2079,0.2079,0.2079,0.2079,0.5567,0.2079
3.4107,12.7445,4.688,3.4935,1.773,1.4783,3.4366,1.0158,2.3045,3.0414,4.3478,5.6092,1.6709,0.9859,2.0652,2.0702,0.2546,2.11,0.6834,0.5943,1.533,0.5289,0.9288,1.334,0.7617,0.7379,1.4054,1.5863,0.7605,1.9194,1.1342,0.2567,0.5594,0.3655,0.4353,0.1203,0.1203,0.1203,0.2411,0.1203,1.0141,0.5947,0.1258,0.1352,0.1203,0.2499,0.5617,0.5116,0.1464,0.1203,0.3595,18.2751,1.946,0.2614,0.2589,2.7806,0.1583,0.1203,0.1203
3.3095,6.3907,4.9389,3.3374,2.0164,1.9767,2.3003,2.7362,2.5511,2.2987,0.9252,3.591,0.9431,1.2522,2.5132,1.2663,1.3138,1.1381,1.317,1.4042,1.8922,0.9926,1.7652,1.7854,0.6283,1.3507,1.5011,1.483,0.8381,1.1198,0.9643,0.9482,1.0909,1.0074,0.8244,0.602,0.311,0.9336,0.677,0.6096,0.9792,0.6741,0.3721,0.4519,1.0318,0.5386,0.5285,0.8511,0.5251,0.5434,0.8551,1.0928,0.5617,0.5624,0.5492,0.4908,0.6404,0.4652,0.311
3.3829,5.3512,3.9038,2.873,1.6601,1.2216,2.7759,1.7315,1.9134,1.8789,0.3053,2.9357,0.8272,0.8533,2.0371,1.2469,0.8991,0.9738,0.3053,0.9978,1.3454,0.8669,1.8001,1.2278,0.3053,1.3913,1.1169,0.8273,1,0.7702,0.8771,0.4508,0.5454,0.7505,0.5112,0.3053,0.3053,0.7639,0.8348,0.3053,0.712,0.3053,0.3053,0.3053,0.3053,0.3053,0.3053,0.6204,0.3053,0.3053,0.5731,1.471,0.3053,0.3053,0.3053,1.0059,0.4484,0.3053,0.3053
1,0.958,8.399,1.641,2.0481,4.6023,0.83,1.2365,3.7766,4.0334,1.2601,0.7055,10.5699,1.3236,2.9024,1.1315,1.5955,4.8816,0.7649,4.0632,2.905,1.2341,0.551,0.9233,0.4132,1.2607,1.953,14.2085,0.8223,1.8563,1.3762,1.5436,1.5244,0.5248,0.468,0.3492,0.3109,0.9361,0.7586,0.7721,1.4597,0.6481,4.1726,0.5881,1.1583,0.461,0.5607,0.8774,0.6363,0.4907,0.554,3.0854,2.6879,0.4466,0.3869,0.7956,0.2318,0.2775,0.1906
5.7973,11.7853,9.4807,4.7562,2.0847,3.4117,1.7001,2.2275,4.983,4.2243,0.3258,9.1676,2.9304,1.3256,2.7563,2.6138,0.9247,3.1083,0.4893,1.0146,2.9887,0.7163,0.9104,1.6012,0.9377,0.5641,1.7884,2.922,0.6136,1.3008,0.9404,0.8292,2.5489,1.1255,1.3461,0.2652,0.1609,0.9049,1.2531,0.1609,0.9854,0.2915,0.3202,0.6524,0.2297,0.4196,0.8282,0.8825,0.5507,0.6636,0.8418,1.0691,1.0946,0.2056,0.344,0.7297,0.3793,0.1609,0.1609
0.5045,1.2782,1.0842,0.1723,0.1723,3.9889,0.1723,0.8094,2.9545,1.5991,1.8631,3.3068,3.0129,0.1723,0.2667,3.1165,0.1723,1.1233,0.1723,0.1723,0.1723,0.1723,0.1723,0.1723,0.1723,0.1723,0.1723,1,0.1723,0.2846,0.1723,0.1723,0.2172,0.1723,0.1723,0.1723,0.1723,0.1723,2.1873,0.1723,0.6497,0.1723,0.2967,0.1788,0.1723,0.1937,0.1723,0.1723,0.1723,0.1723,0.1723,2.2912,0.3632,0.1723,0.1723,0.3169,0.1723,0.1723,0.1723
0.5413,1.6645,2.5238,0.4727,0.8824,5.6492,0.4006,1.7562,5.8941,2.3814,3.3329,4.9385,4.3943,0.7348,1.8986,8.925,0.1599,3.5721,0.1599,0.3334,1.6538,0.6319,0.1599,0.669,0.8324,0.3936,1.6358,5.383,0.3242,1.6976,0.9252,0.1599,1.2334,0.1599,1.0748,0.1599,0.1599,0.5062,1.34,0.1599,3.6336,0.2801,0.7281,0.7798,0.1599,0.9097,0.5217,0.5102,0.3108,0.2389,0.8404,8.3025,1.9931,0.1599,0.1599,2.0782,0.1599,0.1599,0.1599
0.1776,0.5696,1.2124,0.4589,1.6227,4.4407,0.3124,1,2.6418,2.0454,2.2955,3.1217,2.1876,0.9092,2.015,11.0353,0.1776,3.0372,0.5311,1.0713,1.6905,1.0077,0.4349,0.336,0.8148,0.4765,1.2178,4.8629,0.1776,0.7289,0.819,0.1776,1.0672,0.1776,0.78,0.1776,0.1776,0.612,1.7498,0.1776,2.7961,0.6128,0.4857,0.4952,0.1776,0.5294,0.7632,0.2006,0.1776,0.2536,0.4707,9.1146,1.9036,0.1776,0.1776,2.4311,0.1776,0.1776,0.1776
0.5372,2.3396,1.0186,0.5372,1.6047,0.7027,3.1332,0.9814,0.9036,0.5372,0.5659,1.0512,0.5372,0.5372,1.8881,0.9655,0.5372,0.5372,0.5372,1.6155,0.742,0.5372,0.9454,0.5372,0.5372,1.058,1.1346,0.6163,0.5372,0.757,1.2655,0.5372,0.5372,0.5372,0.5372,0.5372,0.5372,0.5372,0.5372,0.5372,0.5372,0.5372,0.5372,0.5372,0.5372,0.5372,0.5372,0.5372,0.5372,0.5372,0.5372,0.5372,0.5372,0.5372,0.5372,0.5372,0.5372,0.5372,0.5372
0.6678,0.6678,1.2416,0.6678,0.6678,0.6678,0.6678,0.6678,0.6678,0.6678,0.949,0.6678,0.6678,0.6678,0.6678,1.0213,1.2893,0.6678,0.6678,0.6678,0.92,0.6678,0.6678,0.6678,1.5811,0.6678,0.6678,1.3483,0.6678,1.5021,0.6678,0.6678,0.6678,0.6678,1.1953,0.6678,0.6678,0.6678,0.9787,0.6678,0.6678,0.6678,0.9245,0.6678,0.6678,0.6678,0.6678,0.6678,0.6678,0.6678,0.8138,0.6678,0.8057,0.6678,0.6678,0.6678,0.6678,0.6678,0.6678
0.9249,0.8073,2.6592,1.0909,3.0985,1.2582,0.9638,1.3723,1.4331,0.8975,0.4762,1.8951,1.3067,0.4762,2.412,0.4762,0.9837,0.6112,0.7636,0.6642,2.043,1.1835,0.6979,0.4762,1.0566,1.0163,1.7708,1.8509,0.4762,1.0788,1.9942,0.5611,0.6601,0.5268,0.8693,0.4762,0.4762,0.4762,1.0776,0.8361,0.8314,0.4762,0.4762,0.4762,0.4762,0.802,0.4762,0.7106,0.4762,0.4762,0.4762,0.4762,1.1165,0.4762,0.9658,0.4762,0.715,1.3112,0.4762
1.2015,1.6334,3.8411,1.678,1.7294,1.4314,1.4278,1.1406,1.3257,1.6991,1.2632,1.2543,1.3662,0.9644,1.5809,0.8661,1.1937,0.9854,0.7774,1.0818,1.0094,1.1177,1.582,0.8334,0.9869,1.2373,1.0344,1.1982,1.32,1.1896,0.6768,0.9615,0.6843,0.7162,0.7476,0.9751,0.8671,1.2009,0.9294,0.8572,0.9431,0.9487,0.6322,0.9867,1.1196,0.886,0.7828,0.8564,0.7176,1.1184,1.0185,2.0994,1,0.8993,0.7248,0.8446,0.7914,0.6093,0.7286
1.7943,0.6045,1.215,0.6055,1.7622,0.5398,1.4308,0.8356,0.5398,0.5398,1.0771,1.6758,0.5398,0.6977,1.9845,4.7183,0.954,0.5398,2.1511,0.7941,0.9688,0.6638,1.7395,0.5398,0.5398,0.7667,1.3874,1,1.5468,0.5398,0.5398,0.5398,0.5398,0.5398,0.5398,0.5398,0.5398,0.5398,0.9145,0.5398,0.7666,0.5398,0.5398,0.722,0.5398,0.5398,0.5398,0.5398,0.5398,0.5398,0.5398,3.0675,0.5398,0.5398,0.5398,2.2836,0.5398,0.5398,0.8104
0.9195,1.8072,1.6644,0.24,0.24,2.9725,0.5665,1.2062,4.3609,1.75,1.2411,2.8201,2.1122,0.24,0.3914,1.9473,0.24,1.0779,0.24,0.24,0.8392,0.24,0.24,0.24,0.4642,0.24,0.3258,0.9221,0.3077,0.905,0.41,0.24,0.24,0.24,0.24,0.24,0.24,0.24,0.4982,0.24,0.24,0.24,0.24,0.24,0.24,0.24,0.24,0.24,0.24,0.24,0.24,1.1751,0.24,0.24,0.24,0.24,0.24,0.24,0.24
1.9466,2.726,2.8088,0.895,2.0561,1.857,3.1718,1.7875,5.4206,2.5301,0.8356,3.0237,1.4853,1.2783,2.4529,3.6569,0.6454,1.5867,1.1886,1.4032,4.5443,1.3604,1.2354,1.1065,1.5028,1.5247,2.7259,2.5814,2.4957,3.712,3.8089,0.2954,1,0.7346,0.8521,0.1968,0.2556,0.3482,0.7145,0.1477,0.6306,0.2096,0.3885,0.3574,0.1428,0.3924,0.3287,0.3835,0.1498,0.3119,0.2665,1.1621,0.5691,0.3504,0.3584,0.735,0.5918,0.2546,0.1204
0.5014,0.69,1.0515,0.5014,1.2744,1.5568,1.0573,1,1.2686,0.7669,0.5014,0.5246,0.8419,0.6875,1.3275,1.7919,0.5014,0.5014,0.5014,1.6946,1.6466,0.9026,0.5014,0.5014,1.1491,1.0195,1.2749,1.0784,0.9737,2.4653,2.2086,0.5014,0.5014,0.5014,0.983,0.5014,0.5014,0.7172,0.8259,0.5014,0.5014,0.5014,0.5818,0.5014,0.5014,0.5014,0.5014,0.5014,0.5014,0.5014,0.5014,0.5014,0.9292,0.5014,0.5014,0.7593,0.5577,0.5014,0.5014
0.5631,0.5631,0.5631,0.5631,0.5631,0.5631,0.5631,0.5631,0.5631,0.5631,0.5631,0.5631,0.5631,0.5631,0.5631,0.5631,0.5631,0.5631,0.5631,0.5631,0.5631,0.5631,0.5631,0.5631,0.5631,0.5631,0.5631,0.5631,0.5631,0.5631,0.5631,0.5631,0.5631,0.5631,0.5631,0.5631,0.5631,0.5631,0.5631,0.5631,2.5514,1,0.5631,0.5631,0.5631,0.5631,0.5631,0.5631,0.5631,0.5631,0.5631,0.5631,0.5631,0.5631,0.5631,0.5631,0.5631,0.5631,0.5631
0.4953,1.4236,0.7708,5.4977,0.9883,0.4536,1.2821,3.9341,1.3372,1.4427,0.7373,1.2975,2.1173,3.0476,1.1112,1.9172,1.0778,0.1536,1.7631,3.0915,0.2936,3.2651,1.6134,0.1453,0.8897,4.4661,2.9748,3.2153,1.2361,0.6779,1.1367,0.4386,1.1669,0.8776,0.966,0.7129,0.6421,2.3509,1.5353,0.4717,0.7279,0.9838,0.1453,0.3924,0.1453,1.2535,0.5655,3.2637,0.1983,0.1789,0.165,1.2195,0.7639,1,0.9163,0.6369,0.748,0.1453,0.1453
0.5065,1.6034,3.1126,2.2961,7.8454,0.6787,0.9313,1.1302,1.501,0.3985,0.4003,1.8077,0.753,2.6131,8.3533,0.81,2.0322,1.8498,1.0187,2.1531,3.2518,2.5005,0.2268,1.7174,2.0946,0.5157,1.8991,3.6522,1.4522,7.7031,4.1168,0.1916,0.5327,0.6039,0.5823,0.1916,0.3203,1.4995,0.7565,0.1916,0.347,0.1916,0.1916,0.3338,0.1916,0.1916,0.2213,0.9813,0.4657,0.3486,0.1916,0.6904,0.1916,0.1916,0.432,1.9722,0.4635,0.1916,0.1916
0.9585,1.1462,3.3405,2.111,2.0161,1.2825,0.3319,1.179,2.0473,0.9252,0.42,1.6561,1.0267,1.9409,1.9757,1.1157,0.826,0.2564,0.5285,0.9733,0.2564,3.4633,0.2564,0.2564,0.2564,4.951,1.775,1.6763,0.2564,0.7384,0.3966,0.2564,0.2564,0.2564,0.2564,0.5324,0.2564,2.3306,0.6075,0.2564,0.2564,0.3373,0.2564,0.2564,0.2564,0.5565,0.2564,0.7355,0.2564,0.2564,0.2564,0.7456,0.2564,0.2564,0.2918,0.2564,0.2564,0.2564,0.2564
2.3919,4.3222,4.8553,1.9748,1.9864,2.2097,1.7379,1.3795,4.4682,1.9597,1.1184,4.5531,1.7139,0.9705,2.0103,1.5577,1.1109,1.1136,0.8461,0.8134,1.4934,0.9819,1.4039,1,0.8283,1.1231,1.1088,1.8125,1.3214,1.1016,0.9151,0.9873,1.0092,0.8835,0.801,0.867,0.6301,1.0985,0.9373,0.5788,0.9759,0.9773,0.5304,0.9015,1.2605,0.726,0.7828,0.8846,0.8925,0.8201,0.8963,4.4285,1.161,0.6148,0.7687,0.8647,0.7478,0.5348,0.5194
3.0765,6.7618,5.0274,2.5519,1.9009,3.1567,3.2429,2.0919,3.643,3.7669,2.295,5.9628,2.0146,1.9206,1.8613,1.7602,0.6841,4.7855,0.596,0.832,2.2767,1.3406,1.0461,1.764,0.7876,1.381,1.1642,5.5129,0.925,0.9094,1.0006,0.406,1.1439,0.7751,0.6489,0.1515,0.3883,0.8789,0.9994,0.2222,1.175,0.8024,0.3043,0.3878,0.2129,0.2905,0.4811,0.821,0.585,0.5714,0.5693,6.8439,1.1318,0.3417,0.1868,0.8919,0.4889,0.1515,0.2954
3.4947,8.707,5.842,3.8941,2.0349,2.2073,2.7012,1.7718,2.5953,3.7829,1.3506,4.7456,1.2552,1,2.4633,1.6007,0.8734,1.3997,0.7085,1.0282,3.2635,0.8623,1.1229,1.5287,0.7879,0.8059,1.4917,1.9026,1.0563,0.8934,1.0946,0.6281,1.3362,1.0957,0.8791,0.3028,0.4857,0.8752,1.2411,0.1563,0.9782,0.7183,0.1341,0.4115,0.1829,0.3248,0.5789,0.7422,0.3963,0.8728,0.6091,1.3251,0.7518,0.476,0.4025,0.6324,0.4593,0.1341,0.1341
0.86,0.8478,0.9608,0.507,1.0396,1.4617,0.507,0.9074,3.0514,0.9323,0.8742,1.4475,1.2299,1.2282,1.1616,3.4996,0.7989,1.3424,0.8321,0.8888,3.3685,0.8435,1.0205,1.0786,1.1155,1.1033,1.0806,1.9027,2.1642,1.8053,2.6729,0.507,1.4214,0.903,0.9795,0.6109,0.507,0.507,3.8724,0.6086,0.8562,0.693,0.8272,0.8559,0.507,0.8024,0.507,0.507,0.507,0.507,0.7614,1.2695,1.1112,0.507,0.6181,1.578,0.9141,0.507,0.7086
1.5611,0.3904,2.5692,1.783,0.3904,1.0809,0.3904,3.729,1.3343,0.3904,1.6675,0.3904,0.3904,0.3904,0.7917,1.1437,0.3904,0.734,0.7367,0.3904,0.9264,0.3904,0.3904,0.6703,0.3904,0.3904,0.3904,0.5559,0.3904,0.3904,0.3904,0.3904,1.0071,0.3904,0.3904,0.3904,0.3904,0.9929,0.3904,0.3904,0.3904,0.3904,0.3904,0.3904,0.3904,0.3904,0.3904,0.3904,0.3904,0.3904,0.3904,0.5221,0.3904,0.3904,0.3904,1.4572,0.4163,0.3904,0.3904
1,1,1,1,1,1,1,1,1,1,1,1,1,1,1,1,1,1,1,1,1,1,1,1,1,1,1,1,1,1,1,1,1,1,1,1,1,1,1,1,1,1,1,1,1,1,1,1,1,1,1,1,1,1,1,1,1,1,1
2.624,5.6752,7.8834,2.9114,2.2963,2.7304,3.0791,1.7509,3.5418,3.9951,1.3943,4.0245,2.5414,1.3576,2.5036,1.6864,1.3582,1.0891,0.8368,1.1866,1.2081,1.8685,3.296,0.9926,0.4806,1.205,1.2366,2.1951,0.5808,1.1913,0.8954,0.8961,1.2716,0.8504,0.8444,0.4175,0.2961,1.1169,1,0.3648,0.9961,0.8442,0.1914,0.6638,0.4908,0.5213,0.4422,0.9481,0.5999,0.6852,0.7858,2.5975,0.8133,0.3175,0.5364,0.7704,0.5082,0.095,0.0627
2.4496,5.5681,8.0686,2.2268,1.7274,1.8239,1.7518,1.4291,1.9801,3.0893,1.2547,3.8337,1.3059,0.4539,2.1342,2.7593,0.9844,1.0701,0.7881,0.8811,2.205,1.1676,0.8271,1.4766,0.6209,2.5229,1.6635,1.9804,0.9076,0.6988,1.1479,0.2423,0.6905,0.4661,0.7655,0.2423,0.4253,0.6692,0.7148,0.3778,1,0.6528,0.2423,0.8471,1.0978,0.2423,0.7494,0.6659,0.6875,1.3218,0.5921,1.8713,0.7542,0.4367,0.3642,0.3333,0.2423,0.2423,0.2423
1.6614,2.1062,1.3046,1.2444,1.9841,1.4499,1.0247,1.5077,1.5824,0.958,0.6206,3.0508,1,0.584,2.4464,0.6141,0.9423,0.342,0.8131,0.6893,1.4574,0.4793,1.3244,0.342,0.4419,0.7875,0.9723,2.0383,0.342,1.5138,0.342,0.342,0.342,0.342,0.342,0.342,0.342,0.387,0.342,0.342,0.342,0.342,0.342,0.342,0.342,0.342,0.342,0.4829,0.342,0.342,0.342,0.7234,0.342,0.342,0.342,0.342,0.342,0.342,0.342
0.5665,1.8438,1.4801,0.5665,0.5665,1,0.5665,0.5665,0.9486,1.7318,2.4496,2.1013,2.9829,0.6099,0.5749,0.9105,0.5665,2.2814,0.5665,0.5665,0.9068,0.5708,0.5665,0.5665,0.5665,0.5665,0.5665,2.1804,0.5665,0.6129,0.5665,0.5665,0.5665,0.5665,0.5665,0.5665,0.5665,0.5665,0.7116,0.5665,0.9359,1.0734,0.5665,0.5665,0.5665,0.5665,0.5665,0.5729,0.5665,0.5665,0.5665,18.2726,1.5615,0.5665,0.5665,0.5665,0.5665,0.5665,0.5665
1.3051,14.9307,17.3518,2.2991,0.9482,1.6137,6.0353,1.8418,6.0375,3.5979,2.0926,4.3278,3.801,0.8472,0.9886,0.6909,1.0114,1.6863,0.0639,1.5836,2.5222,2.6468,2.7437,0.1158,2.2498,0.8594,1.3616,8.3192,0.0639,0.6458,0.0775,2.8863,0.8353,0.5066,0.5674,0.4488,0.0639,0.2411,0.5872,0.0639,0.731,0.8213,0.0639,0.4829,0.0639,0.4462,0.5061,1.1862,0.8411,1.7588,1.436,0.8982,0.4865,0.0639,0.0639,0.2909,0.1204,0.0639,0.0639
13.2951,32.7619,23.8027,9.4299,2.098,3.4255,25.8956,7.8559,11.6954,20.6712,2.3366,24.6281,3.537,1,1.9384,0.4724,0.6287,0.4067,0.5737,0.5848,1.9017,1.5435,0.1496,0.441,0.3733,0.8634,0.1496,0.7253,0.1496,0.1496,0.1496,1.1505,0.1496,0.7722,0.3061,1.2499,0.1661,0.5906,0.5602,0.1496,0.1496,0.1496,0.2573,1.0558,0.1496,0.1496,0.1496,0.5048,0.4529,0.1496,0.6074,0.1496,0.1496,0.1496,0.1496,0.1496,0.1496,0.1496,0.1496
0.981,1.019,0.5652,0.2909,0.5082,0.2909,0.2909,2.0678,0.3416,0.4615,0.2909,1.153,0.2909,0.5819,0.2909,2.1438,1.0763,1.3137,0.2909,0.5977,0.895,0.5504,0.4868,0.2909,0.2909,4.7193,6.3989,4.1673,5.0253,2.3506,1.0461,0.3306,2.933,1.6557,2.1035,0.2909,0.2909,0.2909,0.2909,0.2909,0.4648,0.2909,0.2909,0.2909,0.2909,0.2909,0.2909,0.4069,0.2909,0.2909,0.2909,0.3942,0.2909,0.723,0.2909,3.8807,0.2909,0.2909,0.2909
0.1131,2.5391,1.2191,1.4801,1.4588,1.4022,0.1131,1.4587,1.8487,1.4578,0.1131,1.456,0.1131,0.1131,1.1724,0.1131,0.8825,0.9936,0.4429,0.1131,1.0064,0.1131,1.7857,0.4994,0.1131,0.406,0.9522,0.1131,0.1131,0.1131,0.408,0.1131,0.5751,0.3405,0.1131,0.1131,0.2812,0.1131,0.1131,0.1131,1.0231,0.1131,0.1131,0.4879,0.1131,0.1131,0.1131,0.1131,0.1131,0.1131,0.1131,1.9894,0.4618,0.1131,0.1131,0.8683,0.1131,0.1131,0.1131
0.0107,0.0107,0.0107,0.0107,0.0107,0.0107,0.0107,0.0107,0.0107,0.0107,4.6475,0.0107,0.0107,0.3968,0.0107,0.0107,0.0107,0.0107,0.0107,0.0107,1.0089,0.0107,0.0107,0.0107,0.0107,0.0107,1,0.013,0.0107,0.0107,0.0107,0.0107,0.0107,0.0107,0.0107,0.0107,0.0107,0.0107,0.0107,0.0428,1.8381,6.9885,0.0107,0.0107,0.0107,0.0107,0.0107,0.0107,0.0107,0.0107,0.0107,0.0107,0.0107,0.0107,0.0107,0.0107,0.0107,0.0107,0.0107
1.5952,3.0292,10.1047,1.3508,1.4774,0.9374,1.1923,1.2534,1.1122,1.015,0.525,1.6592,0.525,1.1915,1.2889,1.3967,1.2567,0.556,0.525,0.7818,2.4007,0.525,1.2054,0.8214,0.5354,0.8638,1.0389,0.525,1.1536,0.7141,1.229,0.5398,0.8981,0.7338,0.5266,0.5557,0.525,0.985,0.525,0.8025,0.6411,1.6368,0.8158,1.259,0.7405,1.2674,1.3079,0.8554,1.0555,0.525,0.6359,0.8384,0.7563,0.6849,0.6977,0.525,0.525,1.0964,0.773
0.0921,0.2879,0.0921,1,1.5576,0.0921,0.0921,0.0921,0.0921,0.0921,0.0921,0.0921,0.0921,0.0921,1.6095,0.0921,0.0921,0.0921,0.0921,0.0921,0.0921,0.0921,0.0921,0.0921,0.0921,0.0921,0.0921,0.0921,0.0921,0.0921,0.0921,0.0921,0.0921,0.0921,0.0921,0.0921,0.0921,0.0921,0.0921,0.0921,0.0921,0.0921,0.0921,0.0921,0.0921,0.0921,0.0921,0.0921,0.0921,0.0921,0.0921,0.0921,0.0921,0.0921,0.0921,0.0921,0.0921,0.0921,0.0921
1.3145,2.6751,3.8749,1.3225,1.4975,1.9484,1.6291,1.3102,3.3122,2.1151,1.1303,3.0481,1.4305,1.4198,1.2626,0.9349,1.5032,1.6533,0.4111,1.4215,1.0827,1.0156,1.334,1,0.3726,1.4428,0.9814,1.359,0.9026,0.5593,0.7767,0.5574,0.7229,0.4556,0.4993,0.4311,0.4804,1.0971,1.1396,0.6143,1.4043,0.8771,0.4243,0.8288,5.4961,0.614,0.6344,0.8567,0.7295,0.819,1.0232,2.7555,0.8702,0.6764,0.5467,0.7931,0.7291,0.1903,0.148
5.3634,27.5097,18.0837,0.1279,1.9485,7.7509,5.2783,2.5496,5.9592,6.2804,6.1392,17.8667,7.0412,0.6511,2.8927,4.1618,1.1713,7.8426,0.5303,0.1279,9.2961,1.0944,0.1279,0.4654,1.0185,0.6718,1.8392,0.2674,0.5312,0.9375,0.4549,0.1279,2.0321,0.6896,0.5828,0.3636,0.1279,0.998,3.0145,0.1279,1.7482,0.9733,0.495,0.7529,0.1279,0.1279,0.5084,0.7307,0.6781,1,0.8026,0.3654,1.1888,0.1279,0.2641,0.9312,0.3204,0.1279,0.1279
2.059,3.4397,2.7454,1.6523,0.6911,0.8534,2.3641,0.392,2.8978,2.3047,0.1164,1.8562,0.1164,0.1164,1.0684,1,0.1164,0.1164,0.1164,0.1164,0.8271,0.1164,0.1164,0.7423,0.1164,0.1164,0.1164,0.1164,0.1164,0.1164,0.3079,0.1164,0.3405,0.3557,0.1164,0.1164,0.1164,0.1164,0.1164,0.1164,0.1164,0.1164,0.1164,0.1164,0.1164,0.1164,0.1164,0.1164,0.1164,0.1164,0.1164,0.1164,0.1164,0.1164,0.1164,0.1164,0.1164,0.1164,0.1164
0.3673,0.3673,1.7032,0.3863,2.0341,2.0228,0.9813,0.775,1.8714,0.6745,0.3673,1.3353,1.2078,1.1963,2.9106,2.745,0.5493,1.656,0.7303,1.0187,3.0992,0.3673,0.3673,0.6417,0.9082,0.3673,1.2973,2.2508,0.3673,1.9373,1.6542,0.3673,0.3673,0.3673,0.3673,0.3673,0.3673,0.3673,0.9313,0.3673,0.4671,0.3673,0.3673,0.3673,0.3673,0.3673,0.3673,0.403,0.3673,0.3673,0.3673,0.3673,0.4388,0.3673,0.3673,0.4083,0.6586,0.4405,0.3673
0.3787,0.4806,1.4123,0.3787,1.0874,0.8544,1.2335,0.4278,0.3787,0.3787,0.3787,0.3787,0.3787,1.3959,1.8493,1.4745,0.6514,0.3787,0.3787,0.9518,2.5132,0.3787,0.3787,0.3787,0.7092,0.5031,1.1642,1.1135,0.3787,2.2477,0.7044,0.3787,0.3787,0.3787,0.3787,0.3787,0.3787,0.3787,0.6909,0.3787,0.3787,0.3787,0.3787,0.3787,0.3787,0.5338,0.3787,0.3787,0.3787,0.3787,0.3787,0.3787,0.3787,0.3787,0.3787,0.3787,1.0482,0.3787,0.3787
0.4191,0.8926,1.5992,0.4191,0.4191,0.7778,0.4191,0.6602,1.2608,0.4191,0.4191,0.4191,0.7887,0.4191,1.3766,1.1481,0.4191,0.4191,0.4191,0.4191,1.8643,0.5199,0.4191,0.4191,0.7336,0.5528,0.4191,1.2101,0.8539,2.5244,1.8798,0.4191,0.4191,0.4191,0.4191,0.4191,0.4191,0.4191,0.4191,0.4191,0.4191,0.4191,0.4191,0.4191,0.4191,0.4191,0.4191,0.4191,0.4191,0.4191,0.4191,0.4191,0.4191,0.4191,0.4191,0.4191,1.1074,0.4191,0.4191
0.8681,1,2.1546,0.5466,1.1059,1.3675,0.7479,0.973,1.3159,0.756,0.2978,1.6276,1.7517,1.2471,2.0469,2.249,0.7102,1.017,0.6055,1.1896,2.0034,0.8029,0.7934,0.2978,1.0129,1.0315,1.3451,1.8551,0.8833,2.4539,1.5671,0.2978,0.44,0.2978,0.6849,0.2978,0.2978,0.2978,0.8687,0.2978,0.4822,0.2978,0.2978,0.2978,0.2978,0.4623,0.2978,0.2978,0.2978,0.2978,0.2978,0.5034,0.2978,0.2978,0.4324,0.2978,1.1958,0.581,0.2978
1.12,1.6859,1.2442,0.7992,2.8328,1.8909,1.8929,2.147,3.9852,2.2522,0.6672,2.7414,1.0535,2.0552,2.3988,4.2508,0.7772,1,1.2398,2.9725,7.7197,1.7105,1.5955,1.337,2.6997,4.321,4.0436,1.3604,2.6917,4.8342,4.6112,0.4065,1.4388,1.1239,0.8549,0.4362,0.4562,0.474,0.8217,0.4362,0.9292,0.5637,0.5937,0.5111,0.3257,0.5455,0.6802,0.6164,0.5607,0.49,0.579,0.875,0.5214,0.5709,0.7716,0.9428,0.7702,0.592,0.5061
1.0512,0.7055,0.8517,3.0862,0.3235,1.7841,3.9029,3.0262,0.6751,5.5953,0.6501,0.6344,0.4685,0.3755,0.4039,0.7357,0.9876,1.1337,0.1489,0.4394,4.9722,0.3802,0.4117,0.5469,2.181,1.1463,1.0124,7.0535,1.4512,1.9207,4.5621,3.7326,0.5789,0.3866,0.2354,0.3245,1.0754,0.8129,1.7476,0.5216,0.9772,0.6266,0.3736,1.0627,0.6506,2.8286,2.1599,0.9347,0.5251,1.1485,1.5201,8.0601,1.8848,0.1489,1.7253,6.7455,3.3757,0.1489,0.1489
0.6443,0.866,2.3543,0.4731,2.6818,2.2128,1.5332,1.17,2.6185,1.2967,0.6269,1.7266,1.3362,1.4249,3.0487,3.5396,0.8207,1.8772,1.0462,1.5688,2.7814,1.1147,1.2723,0.9163,1.3695,1.015,1.3173,2.7658,0.6279,1.5295,0.5893,0.1724,0.7571,0.4799,0.564,0.1724,0.1724,0.1724,0.6754,0.1724,0.6239,0.1724,0.1724,0.1724,0.1724,0.2612,0.1724,0.2903,0.1724,0.1724,0.2378,1,0.6767,0.2161,0.3555,0.3182,0.6701,0.286,0.1724
1.3182,1.9297,1.0161,2.0027,2.4971,1.3589,1.3758,0.8105,1.6668,1.2438,1.031,1.8328,0.7239,0.7567,2.6343,0.5179,0.6502,0.865,0.6533,0.7479,0.7312,1,0.629,0.5885,0.5154,0.853,1.4546,0.9201,0.4276,0.4924,0.4347,0.7219,2.1267,0.9272,1.6952,0.9703,0.7599,1.0223,1.6523,0.8038,1.9943,0.8957,1.3541,1.2102,1.1762,0.8111,1.4491,1.0244,1.7909,0.7585,1.4844,0.9463,1.7275,0.7319,1.1145,1.2271,1.2903,0.5376,0.412
0.09,0.0243,0.0116,0.0116,0.0116,0.029,0.0138,0.0231,0.0122,0.0137,0.0116,0.0116,0.0358,0.2389,0.028,0.0116,0.076,0.0116,0.0184,0.0126,0.6237,0.0116,0.0774,0.031,0.0116,0.1866,0.0116,0.0402,0.0135,0.0116,0.0116,0.318,1.0317,1.467,1.3279,1.4209,1.4759,1.7716,1.4863,1.4735,1.4045,1.0429,1.1329,1.1668,1.2255,1.328,0.9067,1.5478,3.6824,1.2998,1,1.7953,1.181,1.0401,1.1083,1.0647,1.1455,0.1787,0.0116
1.4924,1.2941,1.4041,1.1847,1.0746,1.2132,1.1462,1.1691,1.1987,1.0537,1.052,1.0654,1.1319,1.1413,1.0962,1.393,1.3157,1.0271,1,1.1054,1.0692,1.1445,1.1548,1.111,0.9311,1.1249,1.0979,1.2126,1.0715,1.1584,1.1821,0.635,0.7155,0.7985,0.7325,0.7851,0.7386,0.77,0.7662,0.7748,0.7794,0.7056,0.691,0.7753,0.7276,0.7868,0.6949,0.8017,0.7483,0.7581,0.9176,0.9572,0.6958,0.6507,0.8787,0.6782,0.6467,0.5368,0.6443
3.0614,6.036,4.9865,3.3607,1.7022,2.5005,2.7609,1.9559,2.7701,3.4925,1.7085,4.1435,1.4711,1.0208,1.7747,1.7386,0.8023,1.5307,0.7898,1.1305,2.1294,0.9602,1.0571,1.7256,0.972,1,1.1654,1.2737,0.8908,1.0461,1.1424,0.5769,0.9478,0.8231,0.7314,0.5319,0.5232,0.953,1.157,0.2017,1.1698,0.9348,0.2654,0.472,0.3072,0.3805,0.7222,0.8138,0.528,0.8186,0.6443,2.0524,0.8846,0.6426,0.3501,0.5769,0.3862,0.2017,0.2017
0.0813,0.5732,4.6918,1.988,12.2865,0.0813,1.4109,1.7963,0.3014,0.8984,0.0813,1.2524,0.0813,1.2457,12.2911,0.0813,0.6324,0.0813,0.0813,3.3906,2.0872,0.3983,5.757,0.0885,1.7363,0.486,0.4626,2.4593,0.0813,1.8624,1.0771,0.9665,1.2394,0.4808,0.0813,0.4405,0.0813,1,0.0813,0.1123,0.0813,0.4924,0.0813,0.0813,0.0813,0.9053,0.5456,2.3839,0.0813,1.1157,0.6297,2.8314,0.0813,0.0813,0.0813,0.0813,0.2888,0.1725,0.0813
0.2185,0.8365,1.6563,2.8666,3.9491,0.2185,1.4243,1.8901,0.8192,1.3165,0.2185,1.5755,0.6859,2.3274,4.393,0.5557,1.796,0.2185,0.7462,3.5266,4.1544,0.9853,0.3936,0.2185,0.2185,1.8652,0.9038,0.2185,0.2185,2.0396,1.0147,1.9847,0.7155,0.5375,0.6553,0.4774,0.2185,0.5011,0.2185,0.2185,0.2185,0.2185,0.2185,0.2185,0.2185,0.2185,0.2185,0.2185,0.2185,0.616,0.595,0.2185,0.2185,0.2185,0.2185,0.2185,0.2185,0.2185,0.2185
9.7157,12.0797,11.0404,9.4658,2.9454,5.9238,2.3484,3.3444,3.3192,3.9605,1.0231,5.832,2.8693,1.0698,5.0011,1.5485,0.8515,1.4365,0.49,0.6345,2.323,0.5898,2.0182,1.0392,0.3811,0.6006,1.4561,0.1441,0.9323,0.9769,0.6857,0.3525,0.8405,0.566,0.3688,0.0273,0.0273,0.1743,0.4719,0.0273,0.0273,0.0553,0.0273,0.0273,0.0273,0.0273,0.0273,0.057,0.0273,0.0348,0.0273,0.0374,0.0273,0.0273,0.0273,0.0273,0.0273,0.0273,0.0273
5.1059,7.1743,13.0553,4.8145,1.1933,3.0404,6.5769,2.09,2.7329,4.1497,1.3301,1.7898,1.6417,2.0608,0.8446,0.7855,0.889,0.9726,0.819,0.1929,1.7864,1.1948,2.228,1.2163,0.5407,0.6218,0.8502,1.8462,0.9128,0.7201,0.9837,0.9818,1.0276,1.5295,0.9565,0.1926,0.6649,1.0163,1.1368,0.1926,0.5901,0.6061,0.3842,0.7596,0.2064,0.7242,1.0454,1.6275,0.606,1.0293,0.8078,1.6224,0.5621,0.5244,0.7492,0.5653,1.1059,0.1926,0.1926
1.9137,4.3897,5.0648,2.3878,1.8328,2.1674,1.9735,1.3356,3.4838,2.0323,1,3.013,1.2745,1.0356,2.0172,1.2658,1.0214,1.6916,0.7909,1.1155,1.2668,1.124,1.216,0.8574,0.4219,1.2661,0.9203,1.3256,0.5305,0.9078,0.8899,0.5821,0.8715,0.5234,0.626,0.5685,0.4396,1.1433,1.0332,0.3665,1.0588,0.7852,0.2164,0.5508,1.7076,0.5913,0.3569,0.8212,0.5193,0.7031,0.6185,2.208,0.8035,0.446,0.6301,0.7104,0.6103,0.2164,0.2164
1,1,1,1,1,1,1,1,1,1,1,1,1,1,1,1,1,1,1,1,1,1,1,1,1,1,1,1,1,1,1,1,1,1,1,1,1,1,1,1,1,1,1,1,1,1,1,1,1,1,1,1,1,1,1,1,1,1,1
2.2488,3.6974,3.993,3.1848,2.3751,1.3823,1.2673,1.7995,2.4237,2.7884,0.8229,3.0487,0.9771,1.5749,3.08,1.7322,0.8795,0.8955,0.6964,1.0493,2.0154,1.9848,1.6995,1.2402,0.7048,1.0151,1.8407,1.4319,1.1574,1.2247,1.0779,0.6365,0.9284,0.9058,1,0.1894,0.3604,1.2554,0.9593,0.2938,1.4732,0.5232,0.1529,0.4831,0.1404,0.465,0.279,1.2507,0.156,0.2661,0.2644,0.8528,0.4071,0.2127,0.4285,0.4239,0.3633,0.1404,0.1404
2.1367,3.0412,4.2839,5.5962,0.985,1.571,3.4619,7.1776,1.7796,3.8479,0.9123,3.8794,1.7335,1.0987,0.6813,0.4648,1.63,0.3434,0.3434,0.4159,1.2494,3.058,0.4218,0.7356,0.6322,1.015,0.3434,0.7318,0.3434,1.1835,0.982,0.852,0.9147,1.417,0.3434,1.7237,0.3434,0.6709,0.9678,0.3434,0.3716,0.3434,0.3434,0.5039,0.3434,0.3434,0.3434,1.0218,0.3453,0.5043,0.6157,0.3434,0.3434,0.3434,0.6888,1.3865,0.3434,0.3434,0.3434
1.6229,3.0902,1.1122,1.9717,0.9316,1.3083,1.422,1.3782,0.9902,1.2051,0.7271,3.8818,1.0098,0.8458,1.6696,0.8856,0.6386,0.2576,0.9128,0.9311,1.7757,0.2576,1.4243,0.3423,1.194,1.2881,1.4393,1.1937,2.0734,0.9212,0.8516,0.2576,0.2576,0.3671,0.2576,0.2576,0.2576,0.7705,0.7982,0.2576,1.3012,0.5656,0.2576,0.2576,0.2576,0.2576,0.2576,1.1447,0.2576,0.4853,0.2576,2.2689,0.7362,0.6485,0.2576,0.5588,0.6489,0.2576,0.2576
2.4093,3.9723,5.7924,2.1346,2.208,3.2165,1.5693,1.1997,3.442,2.3392,1.2342,4.892,2.6857,1.0968,1.979,1.6725,1.1715,1.058,0.7872,1.0434,1.4829,0.9691,1.4751,0.9523,0.6468,1.0533,1.232,2.058,1.1842,0.9375,0.8865,1,0.975,0.8045,0.6952,0.7368,0.5544,1.07,0.8927,0.5772,0.9813,0.8709,0.5888,0.776,1.9113,0.871,0.6995,0.6856,0.6526,0.7811,0.7629,3.8867,1.1038,0.7776,0.6828,0.7216,0.6613,0.4729,0.5296
5.3794,3.072,13.9777,0.9138,1.3092,0.8384,3.4967,2.0915,3.8711,1.9978,0.7328,1.1239,0.9569,0.1965,1.5427,0.3724,1.0431,1.3816,1.3862,0.1965,5.574,0.1965,2.5954,0.1965,0.4705,0.1965,0.4244,1.2711,0.7467,0.3859,0.1965,0.6167,0.8506,0.4991,0.1965,0.1965,0.1965,0.1965,0.1965,0.5837,2.3689,1.0651,0.1965,0.1965,0.1965,0.413,0.7226,1.284,0.1965,0.7239,0.2976,0.1965,0.1965,0.1965,0.1965,0.2508,0.1965,0.1965,0.1965
2.7131,4.5274,7.0144,2.1284,2.8595,2.6244,1.3934,1.2559,4.2493,1.9568,1.0935,4.2024,1.741,1.0384,2.9189,1.6545,1.1805,0.8595,0.7104,0.8402,1.4619,0.9645,1.6339,1.1411,0.6462,1.0381,1.0119,1.9462,0.9216,0.9629,0.8686,0.7308,0.9136,0.5304,0.7024,0.5772,0.4576,0.9606,0.891,0.4576,0.9884,0.7245,0.4576,0.7102,0.4576,0.4617,0.4576,0.4576,0.5952,0.9808,0.6145,3.7139,1.0116,0.4576,0.7075,0.8221,0.4576,0.4576,0.4576
0.9347,2.8052,3.2344,1.732,3.3716,2.5195,1.6506,1.5926,1.7289,1.0653,1.9184,1.3114,1.4686,0.824,3.8015,1.0809,1.4771,1.7687,1.4318,1.6685,1.4854,1.1921,2.1879,0.3586,1.1719,1.4032,1.2977,4.2347,0.2864,1.7735,0.5156,0.7971,0.8879,0.7154,0.7247,0.1445,0.0923,0.5737,0.3744,0.1935,0.5531,0.5084,0.0663,0.3351,0.0663,0.4863,0.2536,0.6144,0.2836,0.5206,0.2881,2.2301,0.5441,0.1801,0.4285,1.408,0.2009,0.0663,0.0663
1.8035,7.4372,5.5419,1.7745,1.7807,2.6399,1.765,2.513,3.3878,1.5905,1.9545,2.6716,1.3289,1.6129,2.2076,0.8923,1.8423,1.2236,0.7354,1.7994,2.8476,1.8386,2.114,0.3329,0.466,1,2.6987,3.5578,0.2306,1.9231,0.5982,0.7138,1.0631,0.4126,0.6869,0.2177,0.1767,1.0005,0.7716,0.1665,0.7547,0.5966,0.1008,0.4268,0.1011,0.3604,0.3488,0.6122,0.2912,0.4704,0.5057,1.6859,0.6344,0.1656,0.3756,1.244,0.2969,0.1008,0.1008
7.8195,6.12,3.8047,2.9576,2.7122,6.7521,2.4016,2.2662,6.0164,3.5077,2.8892,16.1374,2.0836,1.0508,2.5664,3.1238,0.4634,3.1827,0.672,0.984,2.7014,0.8057,0.9198,1.2326,1,0.9524,1.9084,2.5859,0.7471,1.241,0.5794,0.4024,1.8625,0.7242,0.7966,0.4315,0.2478,0.9121,0.9508,0.204,1.8257,1.0105,0.4164,0.3855,0.244,0.5638,0.4803,0.9503,0.3586,0.425,0.3956,5.654,1.4049,0.4549,0.2729,1.0546,0.3859,0.204,0.204
1.1626,2.048,4.4679,1.0839,1.1038,1.1426,0.8724,0.8867,1.8753,1.3845,0.2775,1.2684,0.9424,0.8466,1.4719,1.0514,0.2775,0.2775,0.2775,0.2775,1.0148,0.6759,0.9264,0.6262,0.9947,0.2775,0.2775,1.1751,0.2775,0.2775,0.2775,0.6482,1.0634,0.5435,0.729,0.7843,0.7862,0.9288,1.3296,0.2775,0.879,0.2775,1.0053,0.5298,1.9856,0.2775,0.2775,0.2775,0.2775,0.7441,0.2775,1.2031,0.2775,0.2775,0.2775,0.2775,0.2775,0.2775,0.2775
22.5905,14.6314,5.4802,2.4571,1.6162,1.8909,2.4788,1.5472,5.8997,2.682,2.1001,16.396,2.3837,0.4791,1.2127,5.3021,1.0743,1.6179,0.5597,1,1.2193,0.8441,1.0394,1.175,0.4973,0.6895,0.9909,2.0474,0.9354,0.8097,0.5581,0.7567,1.3541,0.6098,0.6586,0.8845,0.3729,0.7235,0.88,0.3206,1.4802,1.3268,0.385,0.8798,0.3206,0.6069,0.5675,0.5534,0.7767,0.6688,0.8338,9.8404,1.0449,0.3206,0.6009,2.8213,0.5671,0.3206,0.3206
